{"stats":{"minecraft:dropped":{"minecraft:crafting_table":1,"ecologics:coconut_husk":9,"minecraft:sand":2,"ecologics:seashell":2},"minecraft:used":{"alexsmobs:flying_fish":1,"minecraft:sugar_cane":4,"ecologics:coconut_slice":7,"minecraft:sand":7,"minecraft:written_book":2,"minecraft:crafting_table":1,"minecraft:cooked_porkchop":1,"alexsmobs:animal_dictionary":1},"minecraft:mined":{"ecologics:seashell":1,"minecraft:crafting_table":1,"beachparty:palm_log":2,"biomesoplenty:clover":1,"minecraft:sand":8,"minecraft:sugar_cane":4},"minecraft:crafted":{"minecraft:crafting_table":1,"minecraft:stick":4,"beachparty:palm_planks":8},"minecraft:custom":{"minecraft:time_since_rest":30239,"minecraft:sprint_one_cm":5583,"minecraft:damage_taken":328,"minecraft:walk_one_cm":39958,"minecraft:drop":14,"minecraft:damage_dealt":158,"minecraft:fly_one_cm":7963,"minecraft:swim_one_cm":2875,"minecraft:interact_with_crafting_table":3,"minecraft:open_chest":6,"minecraft:crouch_one_cm":236,"minecraft:play_time":30239,"minecraft:sneak_time":185,"minecraft:walk_under_water_one_cm":1474,"minecraft:jump":47,"minecraft:leave_game":2,"minecraft:walk_on_water_one_cm":561,"minecraft:time_since_death":30239,"minecraft:total_world_time":30239,"minecraft:fall_one_cm":3185},"minecraft:picked_up":{"minecraft:crafting_table":2,"ecologics:coconut_slice":8,"ecologics:seashell":2,"mca:needle_and_thread":2,"beachparty:palm_log":2,"minecraft:sand":9,"ecologics:coconut_husk":2,"minecraft:sugar_cane":4,"alexsmobs:flying_fish":1}},"DataVersion":3465}