{"stats":{"minecraft:dropped":{"ecologics:coconut_husk":1},"minecraft:used":{"ecologics:coconut_slice":1},"minecraft:mined":{"biomesoplenty:clover":1},"minecraft:picked_up":{"mca:needle_and_thread":1,"ecologics:coconut_slice":2},"minecraft:custom":{"minecraft:time_since_rest":7616,"minecraft:crouch_one_cm":120,"minecraft:leave_game":1,"minecraft:play_time":7616,"minecraft:damage_taken":130,"minecraft:time_since_death":7616,"minecraft:walk_one_cm":1717,"minecraft:sneak_time":154,"minecraft:total_world_time":7616,"minecraft:fall_one_cm":1591,"minecraft:drop":1}},"DataVersion":3465}