{"stats":{"minecraft:dropped":{"minecraft:crafting_table":1,"ecologics:coconut_husk":11,"minecraft:sand":4,"ecologics:seashell":3},"minecraft:picked_up":{"minecraft:crafting_table":2,"ecologics:coconut_slice":8,"ecologics:seashell":3,"mca:needle_and_thread":2,"beachparty:palm_log":2,"minecraft:sand":11,"ecologics:coconut_husk":4,"minecraft:sugar_cane":4,"alexsmobs:flying_fish":1},"minecraft:mined":{"ecologics:seashell":1,"minecraft:crafting_table":1,"beachparty:palm_log":2,"biomesoplenty:clover":1,"minecraft:sand":8,"minecraft:sugar_cane":4},"minecraft:custom":{"minecraft:time_since_rest":54589,"minecraft:sprint_one_cm":8860,"minecraft:damage_taken":463,"minecraft:walk_one_cm":62940,"minecraft:drop":19,"minecraft:damage_dealt":248,"minecraft:fly_one_cm":13269,"minecraft:swim_one_cm":3887,"minecraft:interact_with_crafting_table":3,"minecraft:open_chest":9,"minecraft:crouch_one_cm":328,"minecraft:play_time":54589,"minecraft:sneak_time":306,"minecraft:walk_under_water_one_cm":1808,"minecraft:jump":89,"minecraft:leave_game":3,"minecraft:walk_on_water_one_cm":594,"minecraft:time_since_death":54589,"minecraft:total_world_time":54589,"minecraft:fall_one_cm":3185},"minecraft:used":{"alexsmobs:flying_fish":1,"minecraft:sugar_cane":4,"ecologics:coconut_slice":7,"minecraft:sand":7,"minecraft:written_book":3,"minecraft:crafting_table":1,"minecraft:cooked_porkchop":3,"alexsmobs:animal_dictionary":4},"minecraft:crafted":{"minecraft:crafting_table":1,"minecraft:stick":4,"beachparty:palm_planks":8}},"DataVersion":3465}