{"stats":{"minecraft:killed":{"vinery:mule":1,"minecraft:cow":2},"minecraft:crafted":{"minecraft:wooden_sword":1,"beachparty:palm_boat":1,"minecraft:crafting_table":1,"minecraft:stick":8,"minecraft:wooden_pickaxe":1,"minecraft:wooden_axe":1,"beachparty:palm_planks":56},"minecraft:custom":{"minecraft:time_since_rest":90873,"minecraft:sprint_one_cm":24225,"minecraft:damage_taken":1055,"minecraft:walk_one_cm":241600,"minecraft:mob_kills":3,"minecraft:drop":27,"minecraft:damage_dealt":850,"minecraft:swim_one_cm":9109,"minecraft:interact_with_crafting_table":7,"minecraft:fly_one_cm":36362,"minecraft:open_chest":14,"minecraft:crouch_one_cm":7207,"minecraft:play_time":90873,"minecraft:sneak_time":2717,"minecraft:walk_under_water_one_cm":2659,"minecraft:jump":257,"minecraft:leave_game":5,"minecraft:time_since_death":90873,"minecraft:walk_on_water_one_cm":2564,"minecraft:total_world_time":90873,"minecraft:fall_one_cm":6922},"minecraft:used":{"beachparty:coconut":3,"alexsmobs:flying_fish":1,"minecraft:wooden_axe":26,"chococraft:gysahl_green_seeds":10,"minecraft:sugar_cane":4,"beachparty:palm_log":8,"beachparty:palm_boat":1,"ecologics:coconut_slice":7,"minecraft:wooden_sword":14,"minecraft:sand":7,"minecraft:written_book":6,"minecraft:crafting_table":4,"minecraft:cooked_porkchop":9,"alexsmobs:animal_dictionary":4,"chococraft:gysahl_green":4},"minecraft:picked_up":{"minecraft:pink_petals":1,"chococraft:loverly_gysahl_green":2,"minecraft:crafting_table":4,"ecologics:coconut_slice":8,"minecraft:leather":4,"ecologics:seashell":3,"mca:needle_and_thread":2,"beachparty:palm_log":22,"minecraft:sand":11,"ecologics:coconut_husk":4,"chococraft:gysahl_green_seeds":11,"beachparty:coconut":4,"chococraft:gysahl_green":36,"chococraft:gold_gysahl":4,"minecraft:beef":3,"minecraft:written_book":3,"minecraft:sugar_cane":4,"alexsmobs:flying_fish":1},"minecraft:mined":{"beachparty:seashell_block":1,"beachparty:coconut_hanging":3,"ecologics:seashell":1,"beachparty:palm_leaves":4,"minecraft:crafting_table":3,"biomesoplenty:clover":1,"beachparty:palm_log":22,"minecraft:sand":8,"minecraft:sugar_cane":4},"minecraft:dropped":{"chococraft:gold_gysahl":4,"minecraft:crafting_table":1,"ecologics:coconut_husk":11,"chococraft:gysahl_green_seeds":1,"minecraft:sand":4,"ecologics:seashell":3,"minecraft:written_book":3}},"DataVersion":3465}