{"stats":{"minecraft:used":{"minecraft:cherry_sapling":6,"minecraft:writable_book":4,"minecraft:chest":5,"minecraft:carrot":1,"minecraft:lantern":3,"minecraft:iron_helmet":1,"beachparty:palm_boat":5,"minecraft:bow":14,"minecraft:written_book":6,"minecraft:furnace":5,"bakery:chocolate_tart":1,"minecraft:stone_pickaxe":732,"minecraft:wooden_pickaxe":45,"minecraft:sugar_cane":15,"naturalist:duck_egg":1,"minecraft:sand":7,"minecraft:blast_furnace":3,"croptopia:orange":6,"minecraft:bread":67,"beachparty:palm_log":8,"ecologics:coconut_slice":7,"minecraft:wooden_sword":14,"chococraft:gysahl_green":21,"minecraft:oak_boat":12,"minecraft:bone_meal":6,"minecraft:cherry_boat":3,"beachparty:coconut":3,"minecraft:iron_bars":1,"minecraft:stone_sword":230,"minecraft:stone_shovel":144,"minecraft:torch":110,"minecraft:dirt":54,"minecraft:wooden_axe":40,"tombstone:gift":6,"perfectplushies:hummingbird_plushie":1,"minecraft:cooked_beef":8,"minecraft:cherry_log":37,"minecraft:golden_axe":20,"minecraft:iron_leggings":1,"minecraft:cooked_mutton":13,"minecraft:birch_boat":1,"candlelight:rose":1,"minecraft:green_bed":1,"minecraft:crafting_table":13,"minecraft:red_bed":1,"minecraft:white_bed":5,"minecraft:oak_log":14,"alexsmobs:flying_fish":1,"minecraft:cornflower":4,"minecraft:apple":1,"chococraft:gysahl_green_seeds":10,"bakery:chocolate_tart_slice":1,"bakery:baguette":6,"minecraft:stone_axe":270,"farmersdelight:cooked_bacon":4,"minecraft:cobblestone":75,"minecraft:potion":1,"minecraft:cooked_porkchop":18,"alexsmobs:animal_dictionary":4},"minecraft:picked_up":{"irons_spellbooks:scroll":2,"chococraft:loverly_gysahl_green":4,"minecraft:wheat":1,"simplehats:hatbag_rare":1,"croptopia:tomatillo_seed":2,"minecraft:wither_rose":5,"simplehats:mimic_head_dark":1,"minecraft:string":5,"minecraft:raw_copper":58,"minecraft:armor_stand":8,"biomesoplenty:tall_lavender":31,"minecraft:cherry_boat":2,"mysticalagriculture:inferium_essence":45,"minecraft:written_book":3,"alexsmobs:raccoon_tail":1,"minecraft:furnace":4,"minecraft:stick":11,"minecraft:torch":39,"minecraft:green_bed":1,"minecraft:porkchop":20,"minecraft:cherry_log":66,"tombstone:grave_dust":1,"simplehats:bigstevehead":1,"minecraft:stone_sword":3,"minecraft:rotten_flesh":28,"farmersdelight:onion":1,"wildernature:hazelnut":3,"croptopia:elderberry":1,"minecraft:iron_bars":3,"alexsmobs:flying_fish":1,"minecraft:cobblestone":579,"biomesoplenty:lavender":123,"minecraft:birch_log":5,"simplehats:gnome":1,"minecraft:pink_petals":1,"occultism:datura_seeds":1,"minecraft:lilac":18,"minecraft:feather":3,"croptopia:radish":1,"minecraft:andesite":25,"swem:star_worm":17,"minecraft:potato":1,"simplehats:circular_glasses":1,"simplehats:explorerhat":2,"herbalbrews:tea_blossom":1,"perfectplushies:hummingbird_plushie":2,"beachparty:palm_log":22,"minecraft:flint":18,"farmersdelight:cooked_bacon":1,"minecraft:lantern":3,"minecraft:dirt":105,"simplehats:hatbag_epic":1,"minecraft:hanging_roots":2,"minecraft:bone":4,"minecraft:bow":1,"minecraft:wheat_seeds":13,"simplehats:hatbag_uncommon":2,"swem:oat_seeds":9,"minecraft:oak_planks":2,"mca:needle_and_thread":2,"minecraft:sand":37,"ecologics:coconut_husk":4,"naturalist:duck_egg":1,"simplehats:summerhat":1,"bakery:chocolate_tart_slice":4,"perfectplushies:reindeer_plushie":1,"croptopia:radish_seed":2,"minecraft:bread":27,"minecraft:oak_sapling":6,"biomesoplenty:stripped_jacaranda_log":1,"minecraft:crafting_table":11,"minecraft:allium":36,"minecraft:clay_ball":8,"simplehats:bigribbon":2,"ecologics:seashell":3,"biomesoplenty:jacaranda_sapling":2,"perfectplushies:hedgehog_plushie":1,"minecraft:chain":2,"beachparty:coconut":6,"aether:leather_gloves":1,"minecraft:cornflower":4,"minecraft:red_bed":2,"croptopia:tomatillo":1,"croptopia:tomato_seed":3,"minecraft:beef":12,"minecraft:oak_boat":13,"minecraft:iron_nugget":5,"minecraft:poppy":1,"minecraft:sugar_cane":4,"knightlib:small_essence":5,"bakery:linzer_tart_slice":1,"minecraft:raw_iron":6,"naturalist:duck":1,"simplehats:hatbag_common":3,"ecologics:coconut_slice":24,"minecraft:copper_ingot":1,"farmersdelight:tomato_seeds":1,"minecraft:carrot":1,"minecraft:arrow":4,"biomesoplenty:jacaranda_log":6,"biomesoplenty:umbran_sapling":2,"swem:alfalfa_seeds":9,"minecraft:mutton":10,"minecraft:white_wool":5,"swem:timothy_seeds":1,"minecraft:purple_dye":120,"minecraft:leather":13,"doggytalents:rice_grains":11,"minecraft:oak_log":26,"minecraft:cooked_mutton":4,"chococraft:gysahl_green":56,"minecraft:apple":20,"croptopia:barley":1,"chococraft:gold_gysahl":4,"candlelight:rose":3,"minecraft:stone_pickaxe":2,"beachparty:palm_boat":4,"croptopia:elderberry_seed":2,"lightmanscurrency:coin_iron":37,"biomesoplenty:umbran_log":41,"simplehats:questbook":1,"minecraft:birch_boat":1,"minecraft:gravel":92,"minecraft:blast_furnace":3,"chococraft:gysahl_green_seeds":20,"minecraft:white_bed":4,"simplehats:halo":1,"lightmanscurrency:coin_copper":91,"croptopia:lemon":2,"minecraft:iron_helmet":3,"simplehats:thumbnail":1,"croptopia:orange":8,"minecraft:cherry_sapling":20,"tombstone:magic_scroll":1,"minecraft:stripped_dark_oak_log":1,"minecraft:coal":138},"minecraft:dropped":{"occultism:datura_seeds":1,"lightmanscurrency:coin_copper":9,"minecraft:crafting_table":2,"croptopia:elderberry_seed":2,"farmersdelight:cooked_bacon":3,"minecraft:emerald":1,"croptopia:tomato_seed":2,"minecraft:dirt":6,"simplehats:bigribbon":1,"minecraft:mutton":1,"farmersdelight:onion":1,"minecraft:gold_nugget":3,"minecraft:sand":4,"alexsmobs:raccoon_tail":1,"swem:oat_seeds":8,"minecraft:armor_stand":8,"minecraft:gravel":89,"minecraft:iron_nugget":5,"aether:golden_gloves":1,"minecraft:wheat":1,"swem:alfalfa_seeds":8,"minecraft:cherry_sapling":2,"beachparty:coconut":3,"minecraft:rotten_flesh":18,"aether:leather_gloves":1,"minecraft:golden_shovel":1,"minecraft:poppy":1,"swem:timothy_seeds":1,"mysticalagriculture:inferium_essence":3,"candlelight:rose":2,"biomesoplenty:stripped_jacaranda_log":1,"ecologics:coconut_husk":11,"doggytalents:rice_grains":10,"simplehats:explorerhat":2,"perfectplushies:turtle_plushie":1,"perfectplushies:hummingbird_plushie":1,"simplehats:bigstevehead":1,"minecraft:written_book":3,"biomesoplenty:tall_lavender":31,"irons_spellbooks:cast_time_ring":1,"minecraft:egg":1,"farmersdelight:tomato_seeds":2,"minecraft:iron_ingot":4,"minecraft:bread":22,"minecraft:wheat_seeds":5,"minecraft:lilac":9,"chococraft:gold_gysahl":4,"biomesoplenty:lavender":66,"minecraft:iron_helmet":1,"minecraft:feather":1,"minecraft:cobblestone":4,"minecraft:apple":1,"chococraft:gysahl_green_seeds":10,"minecraft:copper_ingot":1,"minecraft:purple_dye":57,"brewery:corn_seeds":1,"swem:jump_xp_potion":1,"simplehats:circular_glasses":1,"irons_spellbooks:scroll":1,"minecraft:wither_rose":1,"minecraft:pink_petals":1,"minecraft:hanging_roots":2,"croptopia:elderberry":1,"minecraft:stone_sword":2,"minecraft:stone_shovel":1,"sophisticatedbackpacks:backpack":1,"simplehats:thumbnail":1,"swem:affinity_xp_potion":13,"minecraft:andesite":8,"artifacts:antidote_vessel":1,"minecraft:oak_boat":2,"minecraft:oak_sapling":6,"croptopia:radish":1,"minecraft:birch_boat":1,"ecologics:seashell":3,"chococraft:gysahl_green":14,"naturalist:duck":1},"minecraft:broken":{"minecraft:stone_pickaxe":3,"betterarcheology:torrent_totem":1,"minecraft:stone_axe":1,"minecraft:stone_shovel":1,"minecraft:stone_sword":2,"minecraft:golden_axe":1},"minecraft:mined":{"minecraft:white_bed":4,"minecraft:cherry_log":65,"minecraft:grass_block":31,"mysticalagriculture:inferium_ore":11,"minecraft:spawner":1,"beachparty:seashell_block":1,"perfectplushies:hummingbird_plushie":1,"biomesoplenty:tall_lavender":36,"minecraft:fire":1,"minecraft:iron_ore":6,"croptopia:tea_crop":1,"biomesoplenty:lavender":160,"chococraft:gysahl_green":9,"minecraft:iron_bars":3,"minecraft:green_bed":1,"biomesoplenty:jacaranda_leaves":41,"minecraft:red_bed":2,"minecraft:clay":2,"minecraft:torch":18,"minecraft:blast_furnace":3,"minecraft:cobblestone":27,"swem:star_worm_cobble":4,"minecraft:sugar_cane":4,"minecraft:wall_torch":12,"ecologics:seashell":1,"minecraft:birch_log":5,"croptopia:tomatillo_crop":1,"minecraft:lilac":15,"biomesoplenty:umbran_log":41,"minecraft:wither_rose":4,"minecraft:grass":103,"biomesoplenty:clover":2,"beachparty:palm_log":22,"minecraft:oak_log":27,"minecraft:sand":38,"minecraft:dirt":56,"biomesoplenty:umbran_leaves":65,"bakery:baguette_block":1,"minecraft:oak_leaves":50,"croptopia:orange_crop":8,"minecraft:cherry_sapling":2,"biomesoplenty:bush":39,"minecraft:allium":3,"biomesoplenty:dune_grass":1,"candlelight:rose":3,"beachparty:coconut_hanging":3,"farmersdelight:wild_onions":14,"biomesoplenty:jacaranda_log":6,"minecraft:furnace":4,"minecraft:andesite":25,"biomesoplenty:sea_oats":1,"minecraft:lantern":3,"biomesoplenty:barley":2,"minecraft:stone":548,"beachparty:palm_leaves":4,"minecraft:stripped_dark_oak_log":1,"minecraft:crafting_table":10,"minecraft:cornflower":4,"minecraft:tall_grass":4,"minecraft:copper_ore":18,"biomesoplenty:sprout":11,"minecraft:birch_leaves":2,"perfectplushies:reindeer_plushie":1,"minecraft:coal_ore":104,"minecraft:cherry_leaves":62,"minecraft:gravel":110,"minecraft:cobweb":2},"minecraft:custom":{"lootr:looted_stat":83,"minecraft:animals_bred":3,"minecraft:interact_with_crafting_table":62,"minecraft:open_barrel":4,"minecraft:bell_ring":107,"minecraft:eat_cake_slice":1,"minecraft:leave_game":10,"minecraft:time_since_death":121261,"minecraft:sprint_one_cm":708423,"minecraft:drop":204,"minecraft:talked_to_villager":13,"minecraft:play_time":653238,"minecraft:deaths":6,"minecraft:jump":5353,"minecraft:walk_on_water_one_cm":25216,"minecraft:interact_with_furnace":33,"minecraft:sleep_in_bed":18,"minecraft:damage_dealt":9622,"minecraft:crouch_one_cm":16957,"tombstone:undead_killed":17,"tombstone:villager_killed":1,"minecraft:mob_kills":59,"minecraft:climb_one_cm":4249,"minecraft:walk_one_cm":1298556,"minecraft:sneak_time":7639,"minecraft:walk_under_water_one_cm":45294,"minecraft:boat_one_cm":846975,"minecraft:interact_with_blast_furnace":17,"minecraft:total_world_time":653238,"tombstone:raider_killed":5,"minecraft:tune_noteblock":51,"minecraft:time_since_rest":11660,"minecraft:damage_taken":8101,"minecraft:swim_one_cm":109850,"minecraft:fly_one_cm":987282,"minecraft:open_chest":163,"minecraft:fall_one_cm":127762},"minecraft:killed":{"minecraft:spider":2,"naturalist:robin":1,"naturalist:snail":1,"minecraft:skeleton":3,"minecraft:silverfish":1,"minecraft:pig":6,"minecraft:sheep":5,"minecraft:pillager":1,"minecraft:zombie":14,"wildernature:boar":5,"minecraft:cow":7,"alexsmobs:raccoon":2,"naturalist:duck":1,"vinery:mule":1,"perfectplushies:wandering_plushie_trader":1,"ecologics:squirrel":1,"mca:female_villager":1},"minecraft:crafted":{"minecraft:oak_planks":40,"minecraft:birch_boat":1,"minecraft:cherry_boat":2,"minecraft:cooked_mutton":9,"beachparty:palm_boat":1,"sophisticatedbackpacks:copper_backpack":1,"minecraft:chest":7,"sophisticatedbackpacks:backpack":4,"biomesoplenty:jacaranda_planks":24,"minecraft:cooked_porkchop":12,"minecraft:crafting_table":5,"minecraft:wooden_pickaxe":2,"minecraft:copper_ingot":58,"minecraft:birch_planks":20,"minecraft:string":8,"minecraft:purple_dye":57,"minecraft:stick":56,"minecraft:iron_ingot":6,"minecraft:stone_sword":3,"farmersdelight:cooked_bacon":6,"minecraft:cherry_planks":60,"minecraft:wooden_sword":2,"minecraft:stone_shovel":2,"minecraft:furnace":1,"minecraft:bone_meal":6,"swem:rivet_copper":16,"minecraft:stone_pickaxe":7,"beachparty:palm_planks":56,"minecraft:cooked_beef":11,"minecraft:stone_axe":3,"minecraft:bread":28,"minecraft:air":0,"minecraft:oak_boat":2,"minecraft:wooden_axe":1,"minecraft:white_bed":1,"minecraft:torch":52}},"DataVersion":3465}