{"stats":{"minecraft:broken":{"minecraft:stone_sword":1,"minecraft:stone_pickaxe":3,"betterarcheology:torrent_totem":1,"minecraft:stone_shovel":1},"minecraft:dropped":{"occultism:datura_seeds":1,"minecraft:wheat_seeds":2,"minecraft:lilac":9,"chococraft:gold_gysahl":4,"minecraft:crafting_table":2,"biomesoplenty:lavender":66,"farmersdelight:cooked_bacon":3,"minecraft:feather":1,"minecraft:cobblestone":2,"minecraft:apple":1,"chococraft:gysahl_green_seeds":10,"minecraft:copper_ingot":1,"minecraft:purple_dye":57,"swem:jump_xp_potion":1,"minecraft:emerald":1,"irons_spellbooks:scroll":1,"minecraft:dirt":6,"simplehats:bigribbon":1,"minecraft:mutton":1,"farmersdelight:onion":1,"minecraft:sand":4,"minecraft:pink_petals":1,"swem:oat_seeds":8,"minecraft:gravel":89,"minecraft:iron_nugget":5,"minecraft:stone_sword":1,"minecraft:wheat":1,"minecraft:cherry_sapling":2,"swem:alfalfa_seeds":8,"beachparty:coconut":3,"minecraft:rotten_flesh":2,"aether:leather_gloves":1,"sophisticatedbackpacks:backpack":1,"swem:timothy_seeds":1,"swem:affinity_xp_potion":13,"biomesoplenty:stripped_jacaranda_log":1,"minecraft:andesite":8,"candlelight:rose":2,"mysticalagriculture:inferium_essence":2,"ecologics:coconut_husk":11,"minecraft:oak_boat":2,"minecraft:oak_sapling":4,"doggytalents:rice_grains":9,"ecologics:seashell":3,"minecraft:written_book":3,"biomesoplenty:tall_lavender":31,"chococraft:gysahl_green":14,"irons_spellbooks:cast_time_ring":1,"naturalist:duck":1},"minecraft:killed":{"alexsmobs:raccoon":1,"minecraft:spider":1,"naturalist:robin":1,"naturalist:duck":1,"naturalist:snail":1,"minecraft:skeleton":2,"vinery:mule":1,"minecraft:pig":4,"perfectplushies:wandering_plushie_trader":1,"minecraft:sheep":5,"minecraft:zombie":5,"ecologics:squirrel":1,"mca:female_villager":1,"minecraft:cow":7},"minecraft:crafted":{"minecraft:cherry_planks":52,"minecraft:wooden_sword":1,"minecraft:oak_planks":40,"minecraft:stone_shovel":2,"minecraft:furnace":1,"minecraft:cherry_boat":2,"minecraft:bone_meal":6,"minecraft:cooked_mutton":9,"beachparty:palm_boat":1,"swem:rivet_copper":16,"sophisticatedbackpacks:copper_backpack":1,"minecraft:stone_pickaxe":6,"minecraft:chest":6,"beachparty:palm_planks":56,"minecraft:cooked_beef":11,"sophisticatedbackpacks:backpack":4,"biomesoplenty:jacaranda_planks":24,"minecraft:cooked_porkchop":12,"minecraft:crafting_table":4,"minecraft:wooden_pickaxe":2,"minecraft:copper_ingot":54,"minecraft:stone_axe":2,"minecraft:bread":28,"minecraft:air":0,"minecraft:oak_boat":2,"minecraft:string":8,"minecraft:purple_dye":57,"minecraft:stick":40,"minecraft:wooden_axe":1,"minecraft:stone_sword":2,"farmersdelight:cooked_bacon":6,"minecraft:white_bed":1,"minecraft:torch":52},"minecraft:custom":{"lootr:looted_stat":70,"minecraft:mob_kills":35,"minecraft:interact_with_crafting_table":55,"minecraft:open_barrel":3,"minecraft:bell_ring":70,"minecraft:eat_cake_slice":1,"minecraft:leave_game":9,"minecraft:time_since_death":16181,"minecraft:climb_one_cm":3691,"minecraft:walk_one_cm":977413,"minecraft:sprint_one_cm":468550,"minecraft:drop":121,"minecraft:talked_to_villager":7,"minecraft:play_time":507055,"minecraft:deaths":3,"minecraft:sneak_time":4426,"minecraft:walk_under_water_one_cm":43213,"minecraft:boat_one_cm":846955,"minecraft:jump":3661,"minecraft:interact_with_blast_furnace":10,"minecraft:walk_on_water_one_cm":20643,"minecraft:total_world_time":507055,"minecraft:interact_with_furnace":33,"minecraft:tune_noteblock":51,"minecraft:sleep_in_bed":14,"minecraft:time_since_rest":7043,"minecraft:damage_taken":5050,"minecraft:damage_dealt":5495,"minecraft:swim_one_cm":104090,"minecraft:fly_one_cm":665221,"minecraft:open_chest":131,"minecraft:crouch_one_cm":9900,"tombstone:undead_killed":7,"tombstone:villager_killed":1,"minecraft:fall_one_cm":85094},"minecraft:used":{"minecraft:cherry_boat":2,"minecraft:cherry_sapling":6,"beachparty:coconut":3,"minecraft:iron_bars":1,"minecraft:stone_sword":130,"minecraft:stone_shovel":144,"minecraft:chest":4,"minecraft:torch":110,"minecraft:dirt":22,"minecraft:wooden_axe":40,"minecraft:lantern":3,"minecraft:iron_helmet":1,"beachparty:palm_boat":5,"minecraft:written_book":6,"minecraft:furnace":5,"tombstone:gift":4,"perfectplushies:hummingbird_plushie":1,"minecraft:cooked_beef":8,"minecraft:cooked_mutton":13,"minecraft:cherry_log":22,"minecraft:iron_leggings":1,"bakery:chocolate_tart":1,"minecraft:stone_pickaxe":711,"minecraft:wooden_pickaxe":45,"minecraft:sugar_cane":15,"minecraft:green_bed":1,"candlelight:rose":1,"minecraft:sand":7,"minecraft:crafting_table":11,"minecraft:blast_furnace":3,"minecraft:white_bed":5,"croptopia:orange":6,"minecraft:oak_log":14,"alexsmobs:flying_fish":1,"minecraft:cornflower":4,"minecraft:apple":1,"chococraft:gysahl_green_seeds":10,"minecraft:bread":23,"bakery:baguette":2,"beachparty:palm_log":8,"minecraft:stone_axe":186,"ecologics:coconut_slice":7,"minecraft:wooden_sword":14,"farmersdelight:cooked_bacon":4,"minecraft:cobblestone":71,"minecraft:potion":1,"minecraft:cooked_porkchop":17,"chococraft:gysahl_green":21,"minecraft:oak_boat":11,"alexsmobs:animal_dictionary":4,"minecraft:bone_meal":6},"minecraft:picked_up":{"irons_spellbooks:scroll":2,"minecraft:crafting_table":10,"chococraft:loverly_gysahl_green":4,"minecraft:wheat":1,"minecraft:allium":36,"minecraft:clay_ball":8,"croptopia:tomatillo_seed":2,"simplehats:bigribbon":2,"ecologics:seashell":3,"biomesoplenty:jacaranda_sapling":2,"perfectplushies:hedgehog_plushie":1,"minecraft:chain":2,"beachparty:coconut":6,"aether:leather_gloves":1,"minecraft:cornflower":4,"minecraft:string":2,"minecraft:red_bed":1,"minecraft:raw_copper":58,"biomesoplenty:tall_lavender":31,"minecraft:cherry_boat":2,"mysticalagriculture:inferium_essence":37,"minecraft:beef":12,"minecraft:oak_boat":11,"minecraft:written_book":3,"minecraft:iron_nugget":5,"minecraft:sugar_cane":4,"minecraft:furnace":4,"knightlib:small_essence":1,"bakery:linzer_tart_slice":1,"minecraft:stick":10,"naturalist:duck":1,"simplehats:hatbag_common":2,"ecologics:coconut_slice":24,"minecraft:copper_ingot":1,"minecraft:torch":39,"minecraft:green_bed":1,"minecraft:porkchop":6,"minecraft:cherry_log":51,"minecraft:stone_sword":2,"minecraft:arrow":3,"minecraft:rotten_flesh":8,"biomesoplenty:jacaranda_log":6,"farmersdelight:onion":1,"swem:alfalfa_seeds":9,"wildernature:hazelnut":3,"minecraft:mutton":10,"minecraft:iron_bars":3,"minecraft:white_wool":5,"alexsmobs:flying_fish":1,"minecraft:cobblestone":569,"biomesoplenty:lavender":123,"occultism:datura_seeds":1,"minecraft:pink_petals":1,"swem:timothy_seeds":1,"minecraft:purple_dye":120,"minecraft:feather":3,"minecraft:lilac":18,"minecraft:andesite":25,"swem:star_worm":17,"minecraft:leather":13,"minecraft:flint":18,"simplehats:circular_glasses":1,"doggytalents:rice_grains":10,"herbalbrews:tea_blossom":1,"beachparty:palm_log":22,"perfectplushies:hummingbird_plushie":2,"simplehats:explorerhat":1,"minecraft:oak_log":24,"farmersdelight:cooked_bacon":1,"minecraft:dirt":73,"minecraft:lantern":3,"minecraft:cooked_mutton":4,"minecraft:bone":2,"chococraft:gysahl_green":56,"croptopia:barley":1,"minecraft:apple":2,"chococraft:gold_gysahl":4,"minecraft:wheat_seeds":11,"candlelight:rose":3,"minecraft:stone_pickaxe":2,"beachparty:palm_boat":4,"simplehats:hatbag_uncommon":1,"swem:oat_seeds":9,"lightmanscurrency:coin_iron":12,"minecraft:oak_planks":2,"minecraft:gravel":92,"mca:needle_and_thread":2,"minecraft:sand":37,"ecologics:coconut_husk":4,"chococraft:gysahl_green_seeds":20,"minecraft:blast_furnace":3,"minecraft:white_bed":4,"simplehats:halo":1,"bakery:chocolate_tart_slice":4,"lightmanscurrency:coin_copper":23,"croptopia:orange":8,"minecraft:cherry_sapling":20,"minecraft:bread":4,"minecraft:oak_sapling":4,"biomesoplenty:stripped_jacaranda_log":1,"minecraft:stripped_dark_oak_log":1,"minecraft:coal":134},"minecraft:mined":{"minecraft:white_bed":4,"croptopia:orange_crop":8,"minecraft:cherry_log":50,"minecraft:cherry_sapling":2,"biomesoplenty:bush":39,"minecraft:allium":3,"minecraft:grass_block":19,"biomesoplenty:dune_grass":1,"mysticalagriculture:inferium_ore":11,"beachparty:coconut_hanging":3,"minecraft:spawner":1,"beachparty:seashell_block":1,"candlelight:rose":3,"farmersdelight:wild_onions":14,"biomesoplenty:jacaranda_log":6,"biomesoplenty:tall_lavender":36,"perfectplushies:hummingbird_plushie":1,"minecraft:furnace":4,"croptopia:tea_crop":1,"biomesoplenty:lavender":160,"minecraft:andesite":25,"biomesoplenty:sea_oats":1,"chococraft:gysahl_green":9,"minecraft:iron_bars":3,"minecraft:lantern":3,"minecraft:stone":542,"minecraft:green_bed":1,"biomesoplenty:jacaranda_leaves":41,"minecraft:red_bed":1,"beachparty:palm_leaves":4,"minecraft:stripped_dark_oak_log":1,"minecraft:clay":2,"minecraft:cornflower":4,"minecraft:torch":18,"minecraft:crafting_table":9,"minecraft:blast_furnace":3,"minecraft:copper_ore":18,"minecraft:tall_grass":4,"swem:star_worm_cobble":4,"minecraft:cobblestone":23,"biomesoplenty:sprout":9,"minecraft:sugar_cane":4,"minecraft:wall_torch":12,"ecologics:seashell":1,"croptopia:tomatillo_crop":1,"minecraft:lilac":15,"minecraft:grass":101,"beachparty:palm_log":22,"biomesoplenty:clover":2,"minecraft:coal_ore":100,"minecraft:oak_log":25,"minecraft:cherry_leaves":62,"minecraft:gravel":110,"minecraft:sand":38,"minecraft:dirt":51,"minecraft:oak_leaves":48}},"DataVersion":3465}