{"stats":{"minecraft:killed":{"minecraft:pig":4,"naturalist:robin":1,"naturalist:snail":1,"vinery:mule":1,"minecraft:cow":7},"minecraft:crafted":{"minecraft:cooked_beef":7,"minecraft:wooden_sword":1,"minecraft:oak_planks":4,"biomesoplenty:jacaranda_planks":24,"minecraft:cooked_porkchop":6,"minecraft:crafting_table":1,"minecraft:wooden_pickaxe":1,"minecraft:furnace":1,"minecraft:copper_ingot":10,"minecraft:stone_axe":1,"minecraft:air":0,"beachparty:palm_boat":1,"swem:rivet_copper":16,"minecraft:stick":36,"minecraft:stone_pickaxe":1,"minecraft:wooden_axe":1,"minecraft:stone_sword":1,"minecraft:torch":52,"beachparty:palm_planks":56},"minecraft:custom":{"lootr:looted_stat":17,"minecraft:interact_with_furnace":16,"minecraft:mob_kills":14,"minecraft:interact_with_crafting_table":15,"minecraft:leave_game":5,"minecraft:time_since_death":138873,"minecraft:sleep_in_bed":1,"minecraft:climb_one_cm":2357,"minecraft:time_since_rest":15768,"minecraft:sprint_one_cm":75781,"minecraft:damage_taken":1345,"minecraft:walk_one_cm":363953,"minecraft:drop":43,"minecraft:damage_dealt":1875,"minecraft:talked_to_villager":1,"minecraft:swim_one_cm":23996,"minecraft:fly_one_cm":99660,"minecraft:open_chest":14,"minecraft:crouch_one_cm":7308,"minecraft:play_time":138873,"minecraft:sneak_time":2726,"minecraft:walk_under_water_one_cm":6151,"minecraft:boat_one_cm":157928,"minecraft:jump":619,"minecraft:walk_on_water_one_cm":4967,"minecraft:total_world_time":138873,"minecraft:fall_one_cm":12509},"minecraft:used":{"beachparty:coconut":3,"minecraft:stone_sword":27,"minecraft:stone_pickaxe":97,"minecraft:wooden_pickaxe":39,"minecraft:sugar_cane":4,"minecraft:torch":15,"minecraft:dirt":1,"minecraft:sand":7,"minecraft:crafting_table":6,"croptopia:orange":3,"alexsmobs:flying_fish":1,"minecraft:wooden_axe":40,"chococraft:gysahl_green_seeds":10,"beachparty:palm_log":8,"beachparty:palm_boat":3,"minecraft:stone_axe":78,"ecologics:coconut_slice":7,"minecraft:wooden_sword":14,"minecraft:cobblestone":3,"minecraft:written_book":6,"minecraft:furnace":3,"minecraft:cooked_porkchop":10,"chococraft:gysahl_green":7,"alexsmobs:animal_dictionary":4,"minecraft:cooked_beef":2},"minecraft:picked_up":{"biomesoplenty:lavender":2,"minecraft:pink_petals":1,"minecraft:crafting_table":6,"chococraft:loverly_gysahl_green":2,"minecraft:feather":1,"minecraft:andesite":8,"swem:star_worm":17,"minecraft:leather":13,"ecologics:seashell":3,"biomesoplenty:jacaranda_sapling":2,"beachparty:palm_log":22,"minecraft:oak_log":8,"beachparty:coconut":6,"minecraft:dirt":27,"minecraft:lantern":1,"minecraft:raw_copper":25,"minecraft:apple":1,"chococraft:gysahl_green":38,"chococraft:gold_gysahl":4,"mysticalagriculture:inferium_essence":1,"minecraft:beef":12,"minecraft:written_book":3,"beachparty:palm_boat":2,"swem:oat_seeds":1,"minecraft:sugar_cane":4,"minecraft:oak_planks":2,"minecraft:furnace":2,"minecraft:stick":2,"ecologics:coconut_slice":8,"minecraft:torch":8,"mca:needle_and_thread":2,"minecraft:porkchop":6,"minecraft:sand":11,"ecologics:coconut_husk":4,"minecraft:blast_furnace":1,"chococraft:gysahl_green_seeds":13,"biomesoplenty:jacaranda_log":6,"croptopia:orange":8,"minecraft:oak_sapling":4,"minecraft:coal":20,"alexsmobs:flying_fish":1,"minecraft:cobblestone":85},"minecraft:mined":{"biomesoplenty:jacaranda_leaves":38,"croptopia:orange_crop":8,"beachparty:palm_leaves":4,"minecraft:crafting_table":5,"minecraft:torch":4,"minecraft:blast_furnace":1,"minecraft:grass_block":6,"swem:star_worm_cobble":4,"minecraft:copper_ore":7,"minecraft:sugar_cane":4,"minecraft:wall_torch":2,"beachparty:seashell_block":1,"beachparty:coconut_hanging":3,"biomesoplenty:jacaranda_log":6,"minecraft:furnace":2,"ecologics:seashell":1,"minecraft:andesite":8,"minecraft:grass":1,"beachparty:palm_log":22,"biomesoplenty:clover":1,"minecraft:coal_ore":20,"minecraft:oak_log":8,"minecraft:lantern":1,"minecraft:sand":8,"minecraft:dirt":21,"minecraft:stone":83,"minecraft:oak_leaves":32},"minecraft:dropped":{"chococraft:gold_gysahl":4,"minecraft:crafting_table":1,"biomesoplenty:lavender":2,"beachparty:coconut":3,"minecraft:feather":1,"minecraft:cobblestone":2,"minecraft:apple":1,"chococraft:gysahl_green_seeds":3,"minecraft:andesite":8,"mysticalagriculture:inferium_essence":1,"ecologics:coconut_husk":11,"minecraft:oak_sapling":4,"minecraft:sand":4,"ecologics:seashell":3,"minecraft:pink_petals":1,"minecraft:written_book":3,"swem:oat_seeds":1}},"DataVersion":3465}