{"stats":{"minecraft:crafted":{"minecraft:crafting_table":1,"minecraft:stick":4,"beachparty:palm_planks":8},"minecraft:custom":{"minecraft:time_since_rest":79595,"minecraft:sprint_one_cm":12442,"minecraft:damage_taken":1015,"minecraft:walk_one_cm":174669,"minecraft:drop":22,"minecraft:damage_dealt":461,"minecraft:swim_one_cm":5312,"minecraft:interact_with_crafting_table":3,"minecraft:fly_one_cm":21065,"minecraft:open_chest":14,"minecraft:crouch_one_cm":5871,"minecraft:play_time":79595,"minecraft:sneak_time":2270,"minecraft:walk_under_water_one_cm":2659,"minecraft:jump":173,"minecraft:leave_game":4,"minecraft:walk_on_water_one_cm":2412,"minecraft:time_since_death":79595,"minecraft:total_world_time":79595,"minecraft:fall_one_cm":5273},"minecraft:used":{"alexsmobs:flying_fish":1,"minecraft:sugar_cane":4,"ecologics:coconut_slice":7,"minecraft:sand":7,"minecraft:written_book":6,"minecraft:crafting_table":1,"minecraft:cooked_porkchop":9,"alexsmobs:animal_dictionary":4},"minecraft:picked_up":{"minecraft:crafting_table":2,"ecologics:coconut_slice":8,"ecologics:seashell":3,"mca:needle_and_thread":2,"beachparty:palm_log":2,"minecraft:sand":11,"ecologics:coconut_husk":4,"minecraft:written_book":3,"minecraft:sugar_cane":4,"alexsmobs:flying_fish":1},"minecraft:mined":{"beachparty:seashell_block":1,"ecologics:seashell":1,"minecraft:crafting_table":1,"beachparty:palm_log":2,"biomesoplenty:clover":1,"minecraft:sand":8,"minecraft:sugar_cane":4},"minecraft:dropped":{"minecraft:crafting_table":1,"ecologics:coconut_husk":11,"minecraft:sand":4,"ecologics:seashell":3,"minecraft:written_book":3}},"DataVersion":3465}