{"stats":{"minecraft:killed":{"naturalist:robin":1,"naturalist:snail":1,"vinery:mule":1,"minecraft:cow":2},"minecraft:crafted":{"minecraft:cooked_beef":3,"minecraft:wooden_sword":1,"minecraft:oak_planks":4,"minecraft:crafting_table":1,"minecraft:wooden_pickaxe":1,"minecraft:furnace":1,"minecraft:copper_ingot":10,"minecraft:stone_axe":1,"minecraft:air":0,"beachparty:palm_boat":1,"swem:rivet_copper":16,"minecraft:stick":36,"minecraft:stone_pickaxe":1,"minecraft:wooden_axe":1,"minecraft:stone_sword":1,"minecraft:torch":52,"beachparty:palm_planks":56},"minecraft:custom":{"minecraft:interact_with_furnace":12,"minecraft:mob_kills":5,"minecraft:interact_with_crafting_table":15,"minecraft:leave_game":5,"minecraft:time_since_death":108873,"minecraft:time_since_rest":108873,"minecraft:sprint_one_cm":28334,"minecraft:damage_taken":1065,"minecraft:walk_one_cm":278243,"minecraft:drop":29,"minecraft:damage_dealt":930,"minecraft:swim_one_cm":9109,"minecraft:fly_one_cm":43741,"minecraft:open_chest":14,"minecraft:crouch_one_cm":7207,"minecraft:play_time":108873,"minecraft:sneak_time":2718,"minecraft:walk_under_water_one_cm":2659,"minecraft:boat_one_cm":9360,"minecraft:jump":351,"minecraft:walk_on_water_one_cm":2718,"minecraft:total_world_time":108873,"minecraft:fall_one_cm":9314},"minecraft:used":{"beachparty:coconut":3,"minecraft:stone_sword":3,"minecraft:stone_pickaxe":89,"minecraft:wooden_pickaxe":39,"minecraft:sugar_cane":4,"minecraft:torch":8,"minecraft:sand":7,"minecraft:crafting_table":6,"alexsmobs:flying_fish":1,"minecraft:wooden_axe":40,"chococraft:gysahl_green_seeds":10,"beachparty:palm_log":8,"beachparty:palm_boat":1,"ecologics:coconut_slice":7,"minecraft:wooden_sword":14,"minecraft:written_book":6,"minecraft:furnace":3,"minecraft:cooked_porkchop":9,"chococraft:gysahl_green":5,"alexsmobs:animal_dictionary":4},"minecraft:picked_up":{"minecraft:pink_petals":1,"minecraft:crafting_table":6,"chococraft:loverly_gysahl_green":2,"minecraft:feather":1,"minecraft:andesite":8,"swem:star_worm":17,"minecraft:leather":4,"ecologics:seashell":3,"beachparty:palm_log":22,"minecraft:oak_log":1,"beachparty:coconut":6,"minecraft:dirt":26,"minecraft:raw_copper":10,"chococraft:gysahl_green":36,"chococraft:gold_gysahl":4,"minecraft:beef":3,"minecraft:written_book":3,"beachparty:palm_boat":1,"minecraft:sugar_cane":4,"minecraft:oak_planks":2,"minecraft:furnace":2,"ecologics:coconut_slice":8,"minecraft:torch":4,"mca:needle_and_thread":2,"minecraft:sand":11,"ecologics:coconut_husk":4,"chococraft:gysahl_green_seeds":11,"minecraft:coal":20,"alexsmobs:flying_fish":1,"minecraft:cobblestone":81},"minecraft:mined":{"beachparty:palm_leaves":4,"minecraft:crafting_table":5,"minecraft:torch":1,"minecraft:grass_block":5,"swem:star_worm_cobble":4,"minecraft:copper_ore":3,"minecraft:sugar_cane":4,"minecraft:wall_torch":1,"beachparty:seashell_block":1,"beachparty:coconut_hanging":3,"minecraft:furnace":2,"ecologics:seashell":1,"minecraft:andesite":8,"beachparty:palm_log":22,"biomesoplenty:clover":1,"minecraft:coal_ore":20,"minecraft:oak_log":1,"minecraft:sand":8,"minecraft:dirt":21,"minecraft:stone":81,"minecraft:oak_leaves":8},"minecraft:dropped":{"chococraft:gold_gysahl":4,"minecraft:crafting_table":1,"beachparty:coconut":2,"chococraft:gysahl_green_seeds":1,"ecologics:coconut_husk":11,"minecraft:sand":4,"ecologics:seashell":3,"minecraft:written_book":3}},"DataVersion":3465}