{"stats":{"minecraft:custom":{"minecraft:jump":48,"minecraft:open_chest":6,"minecraft:time_since_rest":17475,"minecraft:damage_dealt":64,"minecraft:leave_game":1,"minecraft:damage_taken":45,"minecraft:sprint_one_cm":4499,"minecraft:play_time":17475,"minecraft:walk_on_water_one_cm":400,"minecraft:time_since_death":17475,"minecraft:walk_one_cm":49130,"minecraft:sneak_time":6,"minecraft:total_world_time":17475,"minecraft:walk_under_water_one_cm":255,"minecraft:fly_one_cm":8014},"minecraft:used":{"minecraft:written_book":2}},"DataVersion":3465}