{"stats":{"minecraft:custom":{"minecraft:jump":53,"minecraft:open_chest":7,"minecraft:time_since_rest":31640,"minecraft:damage_dealt":64,"minecraft:damage_taken":55,"minecraft:crouch_one_cm":103,"minecraft:leave_game":3,"minecraft:play_time":31640,"minecraft:sprint_one_cm":4499,"minecraft:time_since_death":31640,"minecraft:walk_on_water_one_cm":400,"minecraft:walk_one_cm":63105,"minecraft:sneak_time":79,"minecraft:total_world_time":31640,"minecraft:walk_under_water_one_cm":255,"minecraft:fly_one_cm":8516},"minecraft:used":{"minecraft:written_book":2}},"DataVersion":3465}