{"stats":{"minecraft:killed":{"minecraft:skeleton":4,"vinery:mule":4,"vinery:wandering_winemaker":2,"minecraft:bat":1,"minecraft:zombie":4},"minecraft:broken":{"minecraft:wooden_shovel":1,"frosted_friends:wooden_snow_shovel":1},"minecraft:crafted":{"minecraft:oak_planks":44,"frosted_friends:wooden_snow_shovel":1,"minecraft:chest":2,"minecraft:wooden_shovel":2,"minecraft:crafting_table":1,"minecraft:bread":5,"minecraft:stick":8,"minecraft:wooden_axe":1},"minecraft:custom":{"lootr:looted_stat":25,"minecraft:interact_with_anvil":2,"minecraft:mob_kills":15,"minecraft:interact_with_crafting_table":9,"minecraft:fill_cauldron":48,"minecraft:bell_ring":8,"minecraft:eat_cake_slice":11,"minecraft:leave_game":30,"minecraft:time_since_death":17721,"minecraft:climb_one_cm":2366,"minecraft:sprint_one_cm":1159401,"minecraft:walk_one_cm":2981167,"minecraft:drop":83,"minecraft:talked_to_villager":2,"minecraft:play_time":1130294,"minecraft:deaths":2,"minecraft:sneak_time":28597,"minecraft:walk_under_water_one_cm":400227,"minecraft:boat_one_cm":2700,"minecraft:interact_with_lectern":1,"minecraft:jump":5282,"minecraft:walk_on_water_one_cm":430395,"minecraft:total_world_time":1130294,"minecraft:interact_with_furnace":1,"minecraft:sleep_in_bed":7,"minecraft:time_since_rest":17212,"minecraft:damage_taken":1495,"minecraft:damage_dealt":3810,"minecraft:interact_with_beacon":2,"minecraft:swim_one_cm":26273,"minecraft:fly_one_cm":6880866,"minecraft:open_chest":67,"minecraft:crouch_one_cm":40556,"tombstone:undead_killed":8,"minecraft:fall_one_cm":17185,"minecraft:horse_one_cm":358},"minecraft:used":{"minecraft:oak_fence":54,"minecraft:rose_bush":2,"dawnoftimebuilder:planter_geranium_pink":5,"minecraft:moss_block":4,"minecraft:cherry_sapling":7,"minecraft:writable_book":1,"cozy_home:telescope":5,"chiselsandbits:chiseled_block":15,"minecraft:carved_pumpkin":10,"minecraft:red_concrete":13,"fairylights:hanging_lights":4,"minecraft:spruce_slab":186,"refurbished_furniture:cherry_hedge":83,"minecraft:spruce_planks":10216,"minecraft:chest":17,"beachparty:sandwaves":218,"minecraft:stone":1818,"minecraft:zombie_spawn_egg":1,"frosted_friends:wooden_snow_shovel":59,"fairylights:oil_lantern":1,"herbalbrews:wild_coffee_plant":1,"minecraft:wooden_shovel":59,"onlyhammersandexcavators:netherite_excavator":1,"herbalbrews:herbalbrews_standard":1,"minecraft:dirt":170,"minecraft:anvil":8,"farmersdelight:flint_knife":10,"moa_decor_art:esculturaeldiscobolo":1,"minecraft:white_carpet":34,"croptopia:elderberry":1,"beachparty:sand_bucket":10,"connectedglass:borderless_glass_lime":18,"beachparty:empty_sand_bucket":4,"minecraft:spruce_stairs":127,"minecraft:cobblestone_wall":6,"additional_lights:fire_for_fire_pit_l":1,"minecraft:stone_stairs":3,"connectedglass:borderless_glass_white":19,"another_furniture:oak_bench":38,"decorative_blocks:lattice":1,"dawnoftimebuilder:maple_red_sapling":2,"minecraft:spruce_fence":27,"swem:slow_feeder_orange":1,"minecraft:oak_fence_gate":19,"beautify:lamp_candelabra":10,"mcwlights:iron_candle_holder":4,"minecraft:lava_bucket":6,"swem:english_fence":3,"immersive_paintings:painting":15,"minecraft:iron_block":41,"minecraft:lantern":31,"minecraft:grass_block":583,"minecraft:oak_stairs":71,"alexscaves:pewen_boat":2,"furniture:telescope":2,"minecraft:cherry_leaves":148,"minecraft:stone_brick_stairs":72,"minecraft:stone_bricks":8157,"biomesoplenty:jacaranda_sapling":11,"croptopia:persimmon":5,"minecraft:glowstone":163,"croptopia:peach":1,"alexscaves:thornwood_boat":2,"minecraft:written_book":11,"christmasfestivity:christmas_tree":2,"minecraft:oak_sapling":1,"perfectplushies:aye_aye_plushie":1,"tombstone:gift":8,"swem:oak_stall_care":17,"fairylights:candle_lantern":1,"beachparty:deck_chair":6,"minecraft:cooked_beef":5,"securitycraft:wire_cutters":7,"additional_lights:fire_for_fire_pit_s":8,"minecraft:mossy_stone_brick_wall":188,"swem:spruce_stall_care":6,"moa_decor_science:telescopio":6,"minecraft:stripped_spruce_wood":24,"fairylights:incandescent_light":2,"mcwbridges:rope_oak_bridge":11,"dawnoftimebuilder:iron_fancy_lantern":107,"dawnoftimebuilder:water_source_trickle":3,"minecraft:water_bucket":2139,"minecraft:mossy_stone_bricks":164,"swem:grain_feeder_white":6,"mcwbridges:iron_bridge":1,"mcwdoors:dark_oak_swamp_door":14,"mcwbridges:stone_bridge_pier":30,"minecraft:spruce_door":1,"vinery:window":3,"aether:skyroot_sapling":1,"minecraft:oak_planks":1670,"biomesoplenty:webbing":6,"securitycraft:secret_oak_hanging_sign":11,"furniture:oak_clock":1,"minecraft:sandstone":622,"moa_decor_art:esculturalavictoriodesamotracia":1,"minecraft:mossy_stone_brick_stairs":46,"fairylights:meteor_light":3,"swem:oat_bale":32,"swem:pasture_black_care":2,"mcwdoors:spruce_barn_door":1,"minecraft:beacon":3,"minecraft:green_bed":3,"minecraft:oak_leaves":4,"minecraft:white_wool":327,"swem:water_trough":16,"ecologics:flowering_azalea_hanging_sign":1,"connectedglass:clear_glass":13,"minecraft:sand":2292,"minecraft:crafting_table":1,"minecraft:oak_slab":100,"moa_decor_art:esculturajesuscrucificado":8,"beachparty:beach_parasol":2,"minecraft:stone_brick_wall":561,"connectedglass:borderless_glass_green":2,"minecraft:sponge":57,"beachparty:floaty":1,"onlyhammersandexcavators:netherite_hammer":1,"minecraft:white_bed":4,"moa_decor_art:esculturachacmool":1,"mcwdoors:dark_oak_barn_glass_door":1,"vinery:dark_cherry_door":2,"swem:western_fence_oak":160,"dawnoftimebuilder:limestone_chimney":2,"minecraft:cake":3,"minecraft:spruce_log":51,"dawnoftimebuilder:boxwood_tall_hedge":2,"cozy_home:stump_chair":9,"minecraft:lightning_rod":20,"immersive_paintings:graffiti":3,"a_man_with_plushies:peashooter_plush":1,"minecraft:oak_log":101,"minecraft:apple":2,"minecraft:black_wool":53,"moa_decor_art:esculturaeldavid":1,"mcwbridges:iron_bridge_stair":16,"moa_decor_art:esculturaelpensador":1,"decorative_blocks:chain":11,"beachparty:palm_leaves":1,"biomesoplenty:hanging_cobweb":6,"minecraft:bread":14,"minecraft:spruce_trapdoor":8,"dawnoftimebuilder:iron_column":26,"minecraft:lectern":12,"swem:saddle_rack":1,"aether:golden_oak_sapling":1,"herbalbrews:mixed_tea_leaf_block":3,"swem:english_hitching_post":4,"swem:orange_cone":1,"swem:western_pole":1,"beachparty:seashell":52,"minecraft:pink_petals":50,"minecraft:flowering_azalea_leaves":26,"additional_lights:fire_pit_l_stone_bricks":49,"dawnoftimebuilder:boxwood_bush":1,"securitycraft:reinforced_lectern":2,"dawnoftimebuilder:stone_bricks_small_pool":6,"moa_decor_art:esculturavenusdemilo":2,"minecraft:cobblestone":161,"perfectplushies:dumbo_blob_plushie":1,"minecraft:stripped_oak_wood":7,"connectedglass:borderless_glass_red":12,"minecraft:andesite":79,"decorative_blocks:brazier":2,"vinery:apple_tree_sapling":1,"dawnoftimebuilder:stone_bricks_faucet":8,"minecraft:chain":20,"chococraft:gysahl_green":1,"minecraft:smooth_stone_slab":38,"minecraft:stripped_oak_log":37,"alexsmobs:animal_dictionary":2,"swem:wheel_barrow_black":1,"mcwlights:iron_framed_torch":315,"minecraft:white_concrete":862,"minecraft:oak_hanging_sign":12,"mcwbridges:bridge_lantern":38,"another_furniture:oak_shelf":15,"minecraft:smooth_stone":142,"minecraft:bone_meal":105,"minecraft:splash_potion":20,"minecraft:netherite_sword":39},"minecraft:picked_up":{"vinery:red_grape":2,"chococraft:loverly_gysahl_green":1,"minecraft:crafting_table":1,"beachparty:beach_parasol":2,"minecraft:azure_bluet":10,"croptopia:peach":1,"simplehats:hatbag_rare":3,"croptopia:grape_seed":2,"minecraft:lead":7,"mcwlights:iron_framed_torch":27,"beachparty:seashell":4,"mysticalagriculture:inferium_essence":2,"minecraft:gold_nugget":1,"croptopia:tomato_seed":2,"minecraft:spruce_planks":65,"minecraft:written_book":13,"minecraft:sugar_cane":4,"knightlib:small_essence":11,"immersive_paintings:painting":1,"minecraft:stone":1,"simplehats:hatbag_common":1,"ecologics:coconut_slice":12,"minecraft:torch":1,"minecraft:green_bed":3,"beautify:lamp_candelabra":7,"croptopia:strawberry":1,"croptopia:grape":1,"minecraft:rotten_flesh":1,"croptopia:persimmon":5,"croptopia:strawberry_seed":1,"swem:alfalfa_seeds":27,"dawnoftimebuilder:maple_red_sapling":2,"mcwdoors:dark_oak_swamp_door":4,"croptopia:elderberry":1,"alexsmobs:flying_fish":4,"minecraft:oxeye_daisy":1,"biomesoplenty:lavender":2,"minecraft:pink_petals":1,"occultism:datura_seeds":2,"swem:timothy_seeds":29,"perfectplushies:dumbo_blob_plushie":1,"fairylights:hanging_lights":2,"beachparty:raw_mussel_meat":4,"doggytalents:rice_grains":27,"croptopia:spinach":1,"minecraft:oak_log":27,"minecraft:lapis_lazuli":2,"minecraft:dirt":244,"chococraft:gysahl_green":15,"minecraft:apple":7,"minecraft:stone_bricks":1,"minecraft:wheat_seeds":36,"immersive_paintings:graffiti":1,"croptopia:raspberry":1,"dawnoftimebuilder:iron_fancy_lantern":1,"croptopia:tomato":1,"simplehats:hatbag_uncommon":2,"croptopia:elderberry_seed":2,"lightmanscurrency:coin_iron":16,"swem:oat_seeds":33,"minecraft:dandelion":1,"mcwbridges:bridge_lantern":3,"minecraft:sand":8,"chococraft:gysahl_green_seeds":7,"croptopia:spinach_seed":1,"alexsmobs:animal_dictionary":1,"lightmanscurrency:coin_copper":18,"minecraft:emerald":1,"minecraft:bread":1,"minecraft:oak_sapling":1,"tombstone:magic_scroll":1,"herbalbrews:herbalbrews_standard":1},"minecraft:mined":{"croptopia:grape_crop":1,"perfectplushies:dumbo_blob_plushie":1,"minecraft:grass_block":181,"minecraft:oxeye_daisy":1,"biomesoplenty:lavender":2,"minecraft:azure_bluet":4,"minecraft:dirt_path":2,"minecraft:cake":1,"minecraft:green_bed":3,"minecraft:dandelion":1,"biomesoplenty:sprout":22,"biomesoplenty:huge_clover_petal":5,"minecraft:grass":137,"biomesoplenty:clover":108,"minecraft:oak_log":27,"minecraft:dirt":64},"minecraft:dropped":{"beachparty:sandwaves":1,"knightlib:small_essence":4,"minecraft:wheat_seeds":4,"minecraft:cooked_beef":5,"minecraft:glow_ink_sac":1,"minecraft:crafting_table":1,"ecologics:coconut_slice":12,"mcwbridges:rope_oak_bridge":1,"minecraft:oak_fence":1,"minecraft:lead":5,"croptopia:raspberry":1,"chococraft:gysahl_green_seeds":1,"croptopia:spinach":1,"minecraft:grass_block":1,"minecraft:emerald":1,"alexsmobs:flying_fish":4,"mcwbridges:stone_bridge_pier":1,"minecraft:sand":3,"swem:oat_seeds":10,"simplehats:hatbag_rare":1,"minecraft:sugar_cane":4,"alexsmobs:animal_dictionary":1,"beachparty:seashell":2,"swem:alfalfa_seeds":4,"minecraft:white_bed":1,"minecraft:spruce_fence":1,"swem:timothy_seeds":1,"croptopia:spinach_seed":1,"minecraft:stone":2,"simplehats:hatbag_common":1,"minecraft:mossy_stone_brick_wall":1,"decorative_blocks:chandelier":1,"minecraft:spruce_planks":2,"mysticalagriculture:inferium_essence":1,"minecraft:stone_brick_wall":1,"beachparty:raw_mussel_meat":2,"mca:needle_and_thread":5,"minecraft:stone_bricks":1,"minecraft:sandstone":1,"minecraft:stone_brick_stairs":1,"brewery:corn":1}},"DataVersion":3465}