{"stats":{"minecraft:picked_up":{"occultism:datura_seeds":1,"swem:timothy_seeds":11,"minecraft:crafting_table":1,"minecraft:azure_bluet":2,"beachparty:raw_mussel_meat":4,"minecraft:lead":5,"doggytalents:rice_grains":15,"mcwlights:iron_framed_torch":3,"minecraft:lapis_lazuli":2,"beachparty:seashell":1,"minecraft:stone_bricks":1,"minecraft:wheat_seeds":14,"minecraft:gold_nugget":1,"croptopia:tomato_seed":2,"minecraft:spruce_planks":64,"croptopia:tomato":1,"swem:oat_seeds":10,"minecraft:sugar_cane":4,"knightlib:small_essence":4,"minecraft:stone":1,"ecologics:coconut_slice":12,"minecraft:torch":1,"chococraft:gysahl_green_seeds":1,"swem:alfalfa_seeds":11,"minecraft:emerald":1,"alexsmobs:flying_fish":1},"minecraft:custom":{"minecraft:mob_kills":3,"minecraft:leave_game":4,"minecraft:time_since_death":464873,"minecraft:time_since_rest":464873,"minecraft:sprint_one_cm":304094,"minecraft:walk_one_cm":1146900,"minecraft:drop":45,"minecraft:damage_dealt":716,"minecraft:interact_with_beacon":2,"minecraft:swim_one_cm":1169,"minecraft:talked_to_villager":2,"minecraft:fly_one_cm":3990195,"minecraft:crouch_one_cm":10827,"minecraft:play_time":464873,"minecraft:sneak_time":12857,"minecraft:walk_under_water_one_cm":348814,"minecraft:jump":1597,"minecraft:walk_on_water_one_cm":324020,"minecraft:total_world_time":464873,"minecraft:fall_one_cm":836,"minecraft:horse_one_cm":358},"minecraft:used":{"minecraft:moss_block":4,"minecraft:oak_fence":39,"minecraft:mossy_stone_bricks":164,"minecraft:water_bucket":2115,"mcwbridges:iron_bridge":1,"minecraft:netherite_sword":6,"minecraft:carved_pumpkin":10,"minecraft:red_concrete":10,"minecraft:oak_planks":356,"securitycraft:secret_oak_hanging_sign":11,"beachparty:sandwaves":208,"minecraft:spruce_planks":8756,"fairylights:meteor_light":3,"biomesoplenty:webbing":6,"minecraft:mossy_stone_brick_stairs":46,"minecraft:sandstone":622,"minecraft:stone":1548,"minecraft:beacon":3,"fairylights:oil_lantern":1,"onlyhammersandexcavators:netherite_excavator":1,"minecraft:dirt":131,"minecraft:sand":2270,"ecologics:flowering_azalea_hanging_sign":1,"additional_lights:fire_for_fire_pit_l":1,"minecraft:sponge":48,"onlyhammersandexcavators:netherite_hammer":1,"minecraft:stone_brick_wall":561,"decorative_blocks:lattice":1,"minecraft:oak_fence_gate":19,"mcwlights:iron_candle_holder":4,"minecraft:lava_bucket":6,"mcwbridges:iron_bridge_stair":16,"biomesoplenty:hanging_cobweb":6,"decorative_blocks:chain":11,"minecraft:iron_block":41,"minecraft:grass_block":21,"alexscaves:pewen_boat":2,"beachparty:seashell":51,"minecraft:stone_brick_stairs":72,"minecraft:stone_bricks":8153,"additional_lights:fire_pit_l_stone_bricks":44,"minecraft:glowstone":126,"alexscaves:thornwood_boat":2,"alexsmobs:animal_dictionary":1,"decorative_blocks:brazier":2,"minecraft:white_concrete":745,"fairylights:candle_lantern":1,"mcwlights:iron_framed_torch":308,"minecraft:oak_hanging_sign":12,"minecraft:mossy_stone_brick_wall":188,"additional_lights:fire_for_fire_pit_s":8,"fairylights:incandescent_light":2},"minecraft:dropped":{"beachparty:sandwaves":1,"knightlib:small_essence":4,"minecraft:sugar_cane":4,"minecraft:wheat_seeds":2,"minecraft:crafting_table":1,"ecologics:coconut_slice":12,"minecraft:oak_fence":1,"minecraft:lead":5,"chococraft:gysahl_green_seeds":1,"minecraft:grass_block":1,"minecraft:emerald":1,"swem:timothy_seeds":1,"minecraft:stone":2,"minecraft:mossy_stone_brick_wall":1,"minecraft:spruce_planks":1,"alexsmobs:flying_fish":1,"minecraft:stone_brick_wall":1,"beachparty:raw_mussel_meat":2,"mca:needle_and_thread":1,"minecraft:sandstone":1,"minecraft:sand":1,"minecraft:stone_brick_stairs":1},"minecraft:killed":{"vinery:wandering_winemaker":1,"vinery:mule":2}},"DataVersion":3465}