{"stats":{"minecraft:picked_up":{"occultism:datura_seeds":1,"swem:timothy_seeds":11,"minecraft:crafting_table":1,"minecraft:azure_bluet":2,"ecologics:coconut_slice":12,"minecraft:lead":2,"doggytalents:rice_grains":15,"mcwlights:iron_framed_torch":2,"chococraft:gysahl_green_seeds":1,"minecraft:stone_bricks":1,"minecraft:wheat_seeds":14,"minecraft:spruce_planks":64,"croptopia:tomato_seed":2,"swem:alfalfa_seeds":11,"croptopia:tomato":1,"swem:oat_seeds":10,"minecraft:sugar_cane":4,"knightlib:small_essence":4},"minecraft:custom":{"minecraft:time_since_rest":308873,"minecraft:sprint_one_cm":243707,"minecraft:walk_one_cm":957708,"minecraft:mob_kills":3,"minecraft:drop":32,"minecraft:damage_dealt":716,"minecraft:swim_one_cm":660,"minecraft:talked_to_villager":1,"minecraft:fly_one_cm":2983205,"minecraft:crouch_one_cm":3550,"minecraft:play_time":308873,"minecraft:sneak_time":7141,"minecraft:walk_under_water_one_cm":5424,"minecraft:jump":1289,"minecraft:leave_game":4,"minecraft:walk_on_water_one_cm":12129,"minecraft:time_since_death":308873,"minecraft:total_world_time":308873,"minecraft:fall_one_cm":836,"minecraft:horse_one_cm":358},"minecraft:used":{"minecraft:water_bucket":1,"mcwlights:iron_candle_holder":4,"minecraft:moss_block":4,"minecraft:mossy_stone_bricks":164,"minecraft:netherite_sword":6,"decorative_blocks:chain":11,"biomesoplenty:hanging_cobweb":6,"minecraft:grass_block":21,"biomesoplenty:webbing":6,"fairylights:meteor_light":3,"minecraft:spruce_planks":8224,"minecraft:mossy_stone_brick_stairs":46,"minecraft:stone":267,"fairylights:oil_lantern":1,"onlyhammersandexcavators:netherite_excavator":1,"minecraft:stone_brick_stairs":72,"minecraft:stone_bricks":7700,"additional_lights:fire_pit_l_stone_bricks":12,"minecraft:sand":1,"minecraft:dirt":131,"minecraft:sponge":3,"decorative_blocks:brazier":2,"onlyhammersandexcavators:netherite_hammer":1,"minecraft:stone_brick_wall":561,"fairylights:candle_lantern":1,"mcwlights:iron_framed_torch":252,"decorative_blocks:lattice":1,"additional_lights:fire_for_fire_pit_s":8,"minecraft:mossy_stone_brick_wall":188,"fairylights:incandescent_light":2},"minecraft:dropped":{"swem:timothy_seeds":1,"knightlib:small_essence":4,"minecraft:stone":1,"minecraft:sugar_cane":4,"minecraft:wheat_seeds":2,"minecraft:spruce_planks":1,"minecraft:crafting_table":1,"ecologics:coconut_slice":12,"minecraft:stone_brick_wall":1,"mca:needle_and_thread":1,"minecraft:lead":2,"chococraft:gysahl_green_seeds":1,"minecraft:stone_brick_stairs":1},"minecraft:killed":{"vinery:wandering_winemaker":1,"vinery:mule":2}},"DataVersion":3465}