{"stats":{"minecraft:killed":{"vinery:wandering_winemaker":1,"vinery:mule":2},"minecraft:dropped":{"swem:timothy_seeds":1,"minecraft:sugar_cane":3,"minecraft:wheat_seeds":2,"minecraft:spruce_planks":1,"ecologics:coconut_slice":2,"minecraft:lead":2,"chococraft:gysahl_green_seeds":1},"minecraft:used":{"minecraft:netherite_sword":6,"minecraft:grass_block":21,"minecraft:spruce_planks":5955,"minecraft:stone":216,"onlyhammersandexcavators:netherite_excavator":1,"minecraft:stone_bricks":3919,"minecraft:dirt":131,"minecraft:sponge":3,"onlyhammersandexcavators:netherite_hammer":1,"minecraft:stone_brick_wall":79,"additional_lights:fire_for_fire_pit_s":8},"minecraft:custom":{"minecraft:time_since_rest":158917,"minecraft:sprint_one_cm":153718,"minecraft:walk_one_cm":624562,"minecraft:mob_kills":3,"minecraft:drop":12,"minecraft:damage_dealt":716,"minecraft:swim_one_cm":660,"minecraft:talked_to_villager":1,"minecraft:fly_one_cm":1593494,"minecraft:crouch_one_cm":2197,"minecraft:play_time":158917,"minecraft:sneak_time":4067,"minecraft:walk_under_water_one_cm":3470,"minecraft:jump":823,"minecraft:leave_game":1,"minecraft:walk_on_water_one_cm":10010,"minecraft:time_since_death":158917,"minecraft:total_world_time":158917,"minecraft:fall_one_cm":836,"minecraft:horse_one_cm":358},"minecraft:picked_up":{"occultism:datura_seeds":1,"swem:timothy_seeds":11,"minecraft:azure_bluet":2,"ecologics:coconut_slice":2,"minecraft:lead":2,"doggytalents:rice_grains":15,"chococraft:gysahl_green_seeds":1,"minecraft:stone_bricks":1,"minecraft:wheat_seeds":14,"minecraft:spruce_planks":64,"croptopia:tomato_seed":2,"swem:alfalfa_seeds":11,"croptopia:tomato":1,"swem:oat_seeds":10,"minecraft:sugar_cane":3}},"DataVersion":3465}