{"stats":{"minecraft:killed":{"vinery:wandering_winemaker":1,"vinery:mule":2},"minecraft:dropped":{"swem:timothy_seeds":1,"knightlib:small_essence":1,"minecraft:sugar_cane":3,"minecraft:wheat_seeds":2,"minecraft:spruce_planks":1,"ecologics:coconut_slice":2,"minecraft:lead":2,"chococraft:gysahl_green_seeds":1},"minecraft:used":{"minecraft:moss_block":4,"minecraft:mossy_stone_bricks":138,"minecraft:netherite_sword":6,"biomesoplenty:hanging_cobweb":6,"minecraft:grass_block":21,"biomesoplenty:webbing":6,"minecraft:spruce_planks":7849,"fairylights:meteor_light":3,"minecraft:mossy_stone_brick_stairs":46,"minecraft:stone":216,"fairylights:oil_lantern":1,"onlyhammersandexcavators:netherite_excavator":1,"minecraft:stone_brick_stairs":65,"minecraft:stone_bricks":7346,"minecraft:dirt":131,"minecraft:sponge":3,"onlyhammersandexcavators:netherite_hammer":1,"mcwlights:iron_framed_torch":71,"fairylights:candle_lantern":1,"minecraft:stone_brick_wall":561,"minecraft:mossy_stone_brick_wall":188,"additional_lights:fire_for_fire_pit_s":8,"fairylights:incandescent_light":2},"minecraft:custom":{"minecraft:time_since_rest":254917,"minecraft:sprint_one_cm":176544,"minecraft:walk_one_cm":804630,"minecraft:mob_kills":3,"minecraft:drop":13,"minecraft:damage_dealt":716,"minecraft:swim_one_cm":660,"minecraft:talked_to_villager":1,"minecraft:fly_one_cm":2535379,"minecraft:crouch_one_cm":2667,"minecraft:play_time":254917,"minecraft:sneak_time":6497,"minecraft:walk_under_water_one_cm":3470,"minecraft:jump":1028,"minecraft:leave_game":1,"minecraft:walk_on_water_one_cm":10010,"minecraft:time_since_death":254917,"minecraft:total_world_time":254917,"minecraft:fall_one_cm":836,"minecraft:horse_one_cm":358},"minecraft:picked_up":{"occultism:datura_seeds":1,"swem:timothy_seeds":11,"minecraft:azure_bluet":2,"ecologics:coconut_slice":2,"minecraft:lead":2,"doggytalents:rice_grains":15,"chococraft:gysahl_green_seeds":1,"minecraft:stone_bricks":1,"minecraft:wheat_seeds":14,"minecraft:spruce_planks":64,"croptopia:tomato_seed":2,"swem:alfalfa_seeds":11,"croptopia:tomato":1,"swem:oat_seeds":10,"minecraft:sugar_cane":3,"knightlib:small_essence":1}},"DataVersion":3465}