{"stats":{"minecraft:used":{"dawnoftimebuilder:planter_geranium_pink":5,"minecraft:moss_block":4,"minecraft:cherry_sapling":7,"minecraft:writable_book":1,"chiselsandbits:chiseled_block":15,"fairylights:hanging_lights":4,"minecraft:spruce_slab":186,"refurbished_furniture:cherry_hedge":83,"minecraft:chest":25,"minecraft:stone":1818,"minecraft:zombie_spawn_egg":1,"frosted_friends:wooden_snow_shovel":59,"onlyhammersandexcavators:netherite_excavator":1,"herbalbrews:herbalbrews_standard":1,"moa_decor_art:esculturaeldiscobolo":1,"beachparty:empty_sand_bucket":4,"beachparty:sand_bucket":10,"additional_lights:fire_for_fire_pit_l":1,"decorative_blocks:lattice":1,"swem:slow_feeder_orange":1,"beautify:lamp_candelabra":10,"mcwlights:iron_candle_holder":4,"minecraft:lava_bucket":6,"swem:english_fence":3,"minecraft:lantern":31,"minecraft:grass_block":585,"alexscaves:pewen_boat":2,"minecraft:cherry_leaves":148,"minecraft:stone_brick_stairs":72,"minecraft:stone_bricks":8157,"biomesoplenty:jacaranda_sapling":11,"croptopia:peach":1,"alexscaves:thornwood_boat":2,"perfectplushies:fennec_fox_plushie":1,"minecraft:written_book":11,"christmasfestivity:christmas_tree":2,"minecraft:oak_sapling":1,"perfectplushies:aye_aye_plushie":1,"swem:oak_stall_care":17,"minecraft:potato":12,"beachparty:deck_chair":6,"fairylights:candle_lantern":1,"securitycraft:wire_cutters":7,"additional_lights:fire_for_fire_pit_s":8,"moa_decor_science:telescopio":6,"minecraft:stripped_spruce_wood":24,"swem:spruce_stall_care":6,"fairylights:incandescent_light":2,"dawnoftimebuilder:iron_fancy_lantern":107,"minecraft:mossy_stone_bricks":164,"swem:grain_feeder_white":6,"bettas:seastar_item":2,"mcwdoors:dark_oak_swamp_door":14,"mcwbridges:stone_bridge_pier":30,"minecraft:spruce_door":1,"minecraft:stone_pickaxe":131,"minecraft:oak_planks":2766,"securitycraft:secret_oak_hanging_sign":11,"furniture:oak_clock":1,"minecraft:sandstone":622,"minecraft:wooden_pickaxe":59,"fairylights:meteor_light":3,"biomesoplenty:webbing":6,"minecraft:mossy_stone_brick_stairs":46,"swem:oat_bale":32,"mcwdoors:spruce_barn_door":1,"naturalist:duck_egg":1,"minecraft:oak_leaves":4,"minecraft:white_wool":327,"swem:water_trough":16,"minecraft:sand":2292,"connectedglass:borderless_glass_green":2,"beachparty:floaty":1,"moa_decor_art:esculturachacmool":1,"minecraft:sponge":57,"minecraft:stone_brick_wall":561,"vinery:dark_cherry_door":2,"mcwdoors:dark_oak_barn_glass_door":1,"swem:western_fence_oak":160,"dawnoftimebuilder:limestone_chimney":2,"dawnoftimebuilder:boxwood_tall_hedge":2,"biomesoplenty:jacaranda_planks":1,"perfectplushies:quokka_plushie":1,"minecraft:lightning_rod":20,"immersive_paintings:graffiti":3,"moa_decor_art:esculturaeldavid":1,"mcwbridges:iron_bridge_stair":16,"moa_decor_art:esculturaelpensador":1,"beachparty:palm_leaves":1,"biomesoplenty:hanging_cobweb":6,"minecraft:bread":78,"herbalbrews:mixed_tea_leaf_block":3,"minecraft:lectern":12,"dawnoftimebuilder:iron_column":26,"swem:saddle_rack":1,"swem:english_hitching_post":4,"swem:orange_cone":1,"swem:western_pole":1,"beachparty:seashell":52,"minecraft:flowering_azalea_leaves":26,"dawnoftimebuilder:boxwood_bush":1,"additional_lights:fire_pit_l_stone_bricks":49,"dawnoftimebuilder:stone_bricks_small_pool":6,"perfectplushies:dumbo_blob_plushie":1,"minecraft:stripped_oak_wood":7,"connectedglass:borderless_glass_red":12,"minecraft:andesite":79,"minecraft:chain":20,"minecraft:smooth_stone_slab":38,"chococraft:gysahl_green":1,"minecraft:white_concrete":862,"swem:wheel_barrow_black":1,"minecraft:oak_hanging_sign":12,"another_furniture:oak_shelf":15,"mcwbridges:bridge_lantern":38,"minecraft:bone_meal":105,"minecraft:oak_fence":54,"minecraft:netherite_sword":39,"minecraft:rose_bush":2,"cozy_home:telescope":5,"minecraft:stone_sword":45,"minecraft:carved_pumpkin":10,"minecraft:red_concrete":13,"minecraft:stone_shovel":263,"minecraft:spruce_planks":10216,"beachparty:sandwaves":218,"herbalbrews:wild_coffee_plant":1,"fairylights:oil_lantern":1,"minecraft:wooden_shovel":59,"minecraft:torch":194,"minecraft:anvil":8,"minecraft:dirt":3595,"farmersdelight:flint_knife":15,"minecraft:white_carpet":34,"croptopia:elderberry":1,"connectedglass:borderless_glass_lime":18,"perfectplushies:white_rabbit_plushie":1,"minecraft:spruce_stairs":127,"minecraft:cobblestone_wall":6,"minecraft:stone_stairs":3,"connectedglass:borderless_glass_white":19,"another_furniture:oak_bench":38,"minecraft:spruce_fence":27,"dawnoftimebuilder:maple_red_sapling":2,"minecraft:oak_fence_gate":19,"minecraft:wooden_axe":39,"immersive_paintings:painting":15,"minecraft:iron_block":41,"minecraft:oak_stairs":74,"furniture:telescope":2,"croptopia:persimmon":9,"minecraft:glowstone":163,"tombstone:gift":11,"minecraft:cooked_beef":5,"minecraft:mossy_stone_brick_wall":188,"mcwbridges:rope_oak_bridge":11,"dawnoftimebuilder:water_source_trickle":3,"minecraft:water_bucket":2139,"mcwbridges:iron_bridge":1,"vinery:window":3,"croptopia:lemon":1,"minecraft:birch_planks":1037,"aether:skyroot_sapling":1,"moa_decor_art:esculturalavictoriodesamotracia":1,"swem:pasture_black_care":2,"minecraft:beacon":3,"minecraft:green_bed":5,"ecologics:flowering_azalea_hanging_sign":1,"connectedglass:clear_glass":13,"minecraft:oak_slab":100,"minecraft:crafting_table":2,"beachparty:beach_parasol":2,"minecraft:white_bed":4,"onlyhammersandexcavators:netherite_hammer":1,"minecraft:cake":3,"minecraft:spruce_log":51,"moa_decor_art:esculturajesuscrucificado":8,"cozy_home:stump_chair":9,"a_man_with_plushies:peashooter_plush":1,"minecraft:oak_log":101,"minecraft:black_wool":53,"minecraft:apple":17,"perfectplushies:reindeer_plushie":1,"decorative_blocks:chain":11,"minecraft:leather_helmet":1,"aether:golden_oak_sapling":1,"minecraft:spruce_trapdoor":8,"croptopia:orange_sapling":1,"minecraft:stone_axe":1964,"minecraft:pink_petals":50,"securitycraft:reinforced_lectern":2,"moa_decor_art:esculturavenusdemilo":2,"minecraft:cobblestone":860,"dawnoftimebuilder:stone_bricks_faucet":8,"alexsmobs:animal_dictionary":2,"vinery:apple_tree_sapling":1,"decorative_blocks:brazier":2,"minecraft:stripped_oak_log":37,"mcwlights:iron_framed_torch":315,"minecraft:splash_potion":20,"minecraft:smooth_stone":142},"minecraft:picked_up":{"beachparty:beach_parasol":2,"chococraft:loverly_gysahl_green":1,"vinery:red_grape":2,"simplehats:hatbag_rare":4,"croptopia:grape_seed":2,"minecraft:lead":7,"minecraft:oak_stairs":3,"mcwlights:iron_framed_torch":27,"croptopia:cantaloupe":1,"minecraft:gold_nugget":1,"mysticalagriculture:inferium_essence":8,"minecraft:spruce_planks":65,"minecraft:written_book":13,"minecraft:stick":15,"minecraft:torch":55,"minecraft:green_bed":5,"lets_forge_bronze_and_iron:broken_spartan_hoplita_boots":1,"tombstone:grave_dust":4,"minecraft:rotten_flesh":7,"croptopia:persimmon":13,"dawnoftimebuilder:maple_red_sapling":2,"mcwdoors:dark_oak_swamp_door":4,"croptopia:elderberry":1,"minecraft:cobblestone":172,"alexsmobs:flying_fish":4,"biomesoplenty:lavender":2,"minecraft:birch_log":243,"occultism:datura_seeds":5,"minecraft:pink_petals":1,"perfectplushies:dumbo_blob_plushie":2,"croptopia:spinach":1,"minecraft:lapis_lazuli":2,"minecraft:dirt":1041,"minecraft:bone":3,"minecraft:wheat_seeds":55,"immersive_paintings:graffiti":1,"simplehats:hatbag_uncommon":2,"swem:oat_seeds":39,"minecraft:oak_planks":964,"bettas:seastar_item":2,"minecraft:sand":8,"croptopia:spinach_seed":1,"naturalist:duck_egg":1,"alexsmobs:animal_dictionary":1,"perfectplushies:reindeer_plushie":1,"minecraft:bread":1,"minecraft:emerald":1,"minecraft:oak_sapling":26,"minecraft:crafting_table":1,"minecraft:azure_bluet":11,"croptopia:peach":12,"minecraft:leather_leggings":1,"biomesoplenty:jacaranda_sapling":1,"beachparty:seashell":4,"croptopia:tomato_seed":2,"minecraft:sugar_cane":4,"minecraft:chest":2,"minecraft:birch_sapling":5,"minecraft:egg":3,"immersive_paintings:painting":1,"knightlib:small_essence":14,"minecraft:stone":1,"simplehats:hatbag_common":3,"ecologics:coconut_slice":12,"beautify:lamp_candelabra":7,"croptopia:strawberry":1,"croptopia:grape":1,"minecraft:arrow":4,"croptopia:cantaloupe_seed":2,"biomesoplenty:jacaranda_log":4,"simplehats:winghat":1,"croptopia:strawberry_seed":1,"swem:alfalfa_seeds":36,"simplehats:eyepatch":1,"simplehats:chalk_stick":1,"minecraft:oxeye_daisy":1,"swem:timothy_seeds":38,"fairylights:hanging_lights":2,"beachparty:raw_mussel_meat":4,"doggytalents:rice_grains":33,"minecraft:birch_planks":1038,"minecraft:oak_log":393,"biomesoplenty:jacaranda_planks":1,"chococraft:gysahl_green":16,"minecraft:apple":16,"minecraft:stone_bricks":1,"dawnoftimebuilder:iron_fancy_lantern":1,"croptopia:raspberry":1,"croptopia:tomato":1,"croptopia:elderberry_seed":2,"lightmanscurrency:coin_iron":30,"minecraft:dandelion":2,"mcwbridges:bridge_lantern":3,"chococraft:gysahl_green_seeds":7,"minecraft:leather_helmet":1,"lightmanscurrency:coin_copper":54,"croptopia:lemon":8,"croptopia:orange":10,"tombstone:magic_scroll":1,"herbalbrews:herbalbrews_standard":1,"minecraft:coal":18},"minecraft:dropped":{"knightlib:small_essence":4,"occultism:datura_seeds":2,"minecraft:birch_planks":1,"minecraft:cooked_beef":5,"lightmanscurrency:coin_copper":4,"minecraft:glow_ink_sac":1,"minecraft:crafting_table":1,"ecologics:coconut_slice":12,"croptopia:spinach":1,"minecraft:emerald":1,"alexsmobs:flying_fish":4,"mcwbridges:stone_bridge_pier":1,"minecraft:sand":3,"croptopia:cantaloupe_seed":2,"swem:oat_seeds":10,"minecraft:bone":1,"simplehats:hatbag_rare":1,"minecraft:sugar_cane":4,"alexsmobs:animal_dictionary":1,"beachparty:seashell":2,"minecraft:birch_sapling":2,"swem:alfalfa_seeds":5,"minecraft:azure_bluet":1,"minecraft:white_bed":1,"swem:timothy_seeds":2,"croptopia:spinach_seed":1,"minecraft:mossy_stone_brick_wall":1,"croptopia:cantaloupe":1,"mysticalagriculture:inferium_essence":3,"minecraft:stone_brick_wall":1,"minecraft:stone_brick_stairs":1,"brewery:corn":1,"beachparty:sandwaves":1,"minecraft:wheat_seeds":5,"mcwbridges:rope_oak_bridge":1,"minecraft:oak_fence":1,"minecraft:lead":5,"croptopia:raspberry":1,"chococraft:gysahl_green_seeds":1,"minecraft:grass_block":1,"tombstone:grave_dust":2,"minecraft:spruce_fence":1,"minecraft:stone":2,"decorative_blocks:chandelier":1,"simplehats:hatbag_common":1,"minecraft:spruce_planks":2,"beachparty:raw_mussel_meat":2,"mca:needle_and_thread":5,"minecraft:stone_bricks":1,"minecraft:sandstone":1,"lightmanscurrency:coin_iron":1},"minecraft:broken":{"minecraft:wooden_shovel":1,"minecraft:leather_leggings":1,"minecraft:stone_pickaxe":1,"minecraft:stone_axe":15,"lets_forge_bronze_and_iron:broken_spartan_hoplita_boots":1,"minecraft:wooden_axe":1,"minecraft:stone_shovel":1,"minecraft:leather_helmet":1,"frosted_friends:wooden_snow_shovel":1,"minecraft:wooden_pickaxe":1},"minecraft:mined":{"croptopia:grape_crop":1,"minecraft:grass_block":840,"minecraft:oxeye_daisy":1,"biomesoplenty:lavender":2,"minecraft:azure_bluet":16,"minecraft:dirt_path":2,"minecraft:oak_stairs":3,"minecraft:green_bed":5,"biomesoplenty:jacaranda_leaves":2,"biomesoplenty:jacaranda_planks":1,"minecraft:torch":34,"minecraft:chest":2,"minecraft:oak_planks":1096,"minecraft:wall_torch":2,"minecraft:birch_log":243,"minecraft:grass":272,"biomesoplenty:clover":155,"minecraft:oak_log":399,"minecraft:dirt":515,"minecraft:oak_leaves":60,"croptopia:orange_crop":7,"perfectplushies:dumbo_blob_plushie":2,"biomesoplenty:jacaranda_log":4,"croptopia:peach_crop":6,"minecraft:stone":172,"minecraft:cake":1,"minecraft:dandelion":2,"candlelight:wild_tomatoes":3,"minecraft:tall_grass":23,"biomesoplenty:sprout":22,"biomesoplenty:huge_clover_petal":67,"minecraft:birch_planks":1037,"perfectplushies:reindeer_plushie":1,"minecraft:coal_ore":18},"minecraft:custom":{"lootr:looted_stat":26,"minecraft:interact_with_crafting_table":36,"minecraft:open_barrel":3,"minecraft:bell_ring":8,"minecraft:eat_cake_slice":11,"minecraft:leave_game":44,"minecraft:time_since_death":222858,"minecraft:sprint_one_cm":1902289,"minecraft:drop":103,"minecraft:talked_to_villager":4,"minecraft:play_time":1411016,"minecraft:deaths":11,"minecraft:jump":8442,"minecraft:interact_with_brewingstand":1,"minecraft:walk_on_water_one_cm":446335,"minecraft:interact_with_furnace":1,"minecraft:sleep_in_bed":11,"minecraft:damage_dealt":6802,"minecraft:interact_with_beacon":2,"minecraft:crouch_one_cm":149267,"tombstone:undead_killed":21,"minecraft:horse_one_cm":358,"minecraft:mob_kills":34,"minecraft:interact_with_anvil":2,"minecraft:fill_cauldron":48,"minecraft:climb_one_cm":4000,"minecraft:walk_one_cm":3871538,"minecraft:sneak_time":48037,"minecraft:walk_under_water_one_cm":441160,"minecraft:boat_one_cm":2700,"minecraft:interact_with_lectern":1,"minecraft:total_world_time":1411016,"minecraft:time_since_rest":1547,"minecraft:damage_taken":5639,"minecraft:swim_one_cm":99039,"minecraft:fly_one_cm":7648516,"minecraft:open_chest":119,"minecraft:fall_one_cm":69723},"minecraft:killed":{"bettas:seastar":2,"minecraft:spider":2,"minecraft:skeleton":8,"minecraft:zombie":12,"mca:male_zombie_villager":1,"vinery:mule":4,"tameablebeasts:tameable_racoon":1,"vinery:wandering_winemaker":2,"minecraft:bat":1},"minecraft:crafted":{"minecraft:oak_planks":1184,"frosted_friends:wooden_snow_shovel":1,"minecraft:chest":8,"minecraft:wooden_shovel":2,"biomesoplenty:jacaranda_planks":16,"minecraft:crafting_table":2,"minecraft:wooden_pickaxe":1,"minecraft:birch_planks":972,"minecraft:stick":48,"minecraft:stone_sword":1,"minecraft:stone_shovel":2,"minecraft:stone_pickaxe":2,"minecraft:wheat":171,"croptopia:orange_sapling":1,"minecraft:stone_axe":16,"minecraft:bread":47,"minecraft:wooden_axe":1,"minecraft:oak_stairs":12}},"DataVersion":3465}