{"stats":{"minecraft:used":{"dawnoftimebuilder:planter_geranium_pink":5,"minecraft:moss_block":4,"minecraft:cherry_sapling":7,"minecraft:writable_book":1,"chiselsandbits:chiseled_block":15,"fairylights:hanging_lights":4,"minecraft:spruce_slab":186,"refurbished_furniture:cherry_hedge":83,"minecraft:chest":25,"minecraft:stone":1818,"minecraft:iron_sword":9,"minecraft:zombie_spawn_egg":1,"frosted_friends:wooden_snow_shovel":59,"onlyhammersandexcavators:netherite_excavator":1,"herbalbrews:herbalbrews_standard":1,"moa_decor_art:esculturaeldiscobolo":1,"perfectplushies:frog_plushie":1,"perfectplushies:snow_fox_plushie":1,"beachparty:empty_sand_bucket":4,"beachparty:sand_bucket":10,"additional_lights:fire_for_fire_pit_l":1,"decorative_blocks:lattice":1,"swem:slow_feeder_orange":1,"beautify:lamp_candelabra":10,"mcwlights:iron_candle_holder":4,"minecraft:lava_bucket":6,"swem:english_fence":3,"minecraft:lantern":31,"minecraft:grass_block":585,"perfectplushies:hedgehog_plushie":1,"alexscaves:pewen_boat":2,"minecraft:cherry_leaves":148,"minecraft:stone_brick_stairs":72,"minecraft:stone_bricks":8157,"biomesoplenty:jacaranda_sapling":11,"croptopia:peach":1,"alexscaves:thornwood_boat":2,"perfectplushies:fennec_fox_plushie":1,"minecraft:written_book":11,"christmasfestivity:christmas_tree":2,"minecraft:oak_sapling":3,"perfectplushies:aye_aye_plushie":1,"additional_lights:fire_for_fire_pit_s":8,"swem:oak_stall_care":17,"minecraft:potato":12,"beachparty:deck_chair":6,"fairylights:candle_lantern":1,"minecraft:stripped_spruce_wood":24,"securitycraft:wire_cutters":7,"fairylights:incandescent_light":2,"moa_decor_science:telescopio":6,"perfectplushies:red_fox_plushie":1,"swem:spruce_stall_care":6,"dawnoftimebuilder:iron_fancy_lantern":107,"minecraft:mossy_stone_bricks":164,"swem:grain_feeder_white":6,"bettas:seastar_item":2,"mcwdoors:dark_oak_swamp_door":14,"mcwbridges:stone_bridge_pier":30,"minecraft:spruce_door":1,"minecraft:stone_pickaxe":131,"minecraft:oak_planks":2766,"securitycraft:secret_oak_hanging_sign":11,"furniture:oak_clock":1,"minecraft:sandstone":622,"biomesoplenty:webbing":6,"minecraft:wooden_pickaxe":59,"fairylights:meteor_light":3,"minecraft:mossy_stone_brick_stairs":46,"swem:oat_bale":32,"mcwdoors:spruce_barn_door":1,"naturalist:duck_egg":1,"minecraft:oak_leaves":4,"minecraft:white_wool":327,"swem:boots_riding_iron":1,"swem:water_trough":16,"minecraft:sand":2292,"connectedglass:borderless_glass_green":2,"beachparty:floaty":1,"moa_decor_art:esculturachacmool":1,"minecraft:sponge":57,"minecraft:stone_brick_wall":561,"vinery:dark_cherry_door":2,"mcwdoors:dark_oak_barn_glass_door":1,"swem:western_fence_oak":160,"dawnoftimebuilder:limestone_chimney":2,"dawnoftimebuilder:boxwood_tall_hedge":2,"biomesoplenty:jacaranda_planks":1,"perfectplushies:quokka_plushie":2,"minecraft:lightning_rod":20,"immersive_paintings:graffiti":3,"perfectplushies:panda_plushie":1,"moa_decor_art:esculturaeldavid":1,"mcwbridges:iron_bridge_stair":16,"moa_decor_art:esculturaelpensador":1,"beachparty:palm_leaves":1,"biomesoplenty:hanging_cobweb":6,"minecraft:bread":118,"herbalbrews:mixed_tea_leaf_block":3,"dawnoftimebuilder:iron_column":26,"minecraft:lectern":12,"swem:saddle_rack":1,"swem:orange_cone":1,"swem:english_hitching_post":4,"swem:western_pole":1,"beachparty:seashell":52,"minecraft:flowering_azalea_leaves":26,"ecologics:coconut_slice":49,"dawnoftimebuilder:boxwood_bush":1,"additional_lights:fire_pit_l_stone_bricks":49,"dawnoftimebuilder:stone_bricks_small_pool":6,"perfectplushies:dumbo_blob_plushie":1,"minecraft:stripped_oak_wood":7,"connectedglass:borderless_glass_red":12,"minecraft:andesite":79,"minecraft:chain":20,"chococraft:gysahl_green":1,"minecraft:smooth_stone_slab":38,"minecraft:white_concrete":862,"swem:wheel_barrow_black":1,"minecraft:oak_hanging_sign":12,"another_furniture:oak_shelf":15,"mcwbridges:bridge_lantern":38,"minecraft:bone_meal":105,"minecraft:oak_fence":54,"minecraft:netherite_sword":39,"minecraft:rose_bush":2,"minecraft:stone_sword":60,"cozy_home:telescope":5,"minecraft:carved_pumpkin":10,"minecraft:red_concrete":13,"minecraft:stone_shovel":653,"minecraft:spruce_planks":10216,"beachparty:sandwaves":218,"fairylights:oil_lantern":1,"herbalbrews:wild_coffee_plant":1,"minecraft:wooden_shovel":59,"minecraft:torch":195,"minecraft:anvil":8,"minecraft:dirt":3598,"farmersdelight:flint_knife":15,"minecraft:white_carpet":34,"croptopia:elderberry":1,"connectedglass:borderless_glass_lime":18,"perfectplushies:white_rabbit_plushie":1,"minecraft:spruce_stairs":127,"minecraft:cobblestone_wall":6,"minecraft:stone_stairs":3,"connectedglass:borderless_glass_white":19,"another_furniture:oak_bench":38,"dawnoftimebuilder:maple_red_sapling":2,"minecraft:spruce_fence":27,"minecraft:oak_fence_gate":19,"minecraft:wooden_axe":39,"immersive_paintings:painting":15,"minecraft:iron_block":41,"minecraft:oak_stairs":74,"immersive_armors:heavy_chestplate":1,"furniture:telescope":2,"perfectplushies:raccoon_plushie":1,"croptopia:persimmon":12,"minecraft:glowstone":163,"perfectplushies:dog_plushie":1,"tombstone:gift":11,"perfectplushies:hummingbird_plushie":1,"minecraft:cooked_beef":5,"minecraft:mossy_stone_brick_wall":188,"minecraft:pumpkin":10,"mcwbridges:rope_oak_bridge":11,"dawnoftimebuilder:water_source_trickle":3,"minecraft:water_bucket":2139,"mcwbridges:iron_bridge":1,"vinery:window":3,"croptopia:lemon":8,"minecraft:birch_planks":1037,"aether:skyroot_sapling":1,"moa_decor_art:esculturalavictoriodesamotracia":1,"swem:pasture_black_care":2,"perfectplushies:mouse_plushie":1,"minecraft:beacon":3,"minecraft:green_bed":7,"ecologics:flowering_azalea_hanging_sign":1,"connectedglass:clear_glass":13,"minecraft:oak_slab":100,"minecraft:crafting_table":2,"beachparty:beach_parasol":2,"croptopia:cherry":1,"minecraft:white_bed":4,"onlyhammersandexcavators:netherite_hammer":1,"minecraft:cake":3,"minecraft:spruce_log":51,"moa_decor_art:esculturajesuscrucificado":8,"cozy_home:stump_chair":9,"a_man_with_plushies:peashooter_plush":1,"minecraft:oak_log":101,"minecraft:black_wool":53,"minecraft:apple":17,"perfectplushies:reindeer_plushie":2,"decorative_blocks:chain":11,"minecraft:iron_pickaxe":9,"perfectplushies:hippo_plushie":1,"aether:golden_oak_sapling":1,"minecraft:leather_helmet":1,"minecraft:spruce_trapdoor":8,"croptopia:orange_sapling":1,"minecraft:stone_axe":2059,"minecraft:pink_petals":50,"securitycraft:reinforced_lectern":2,"moa_decor_art:esculturavenusdemilo":2,"minecraft:cobblestone":864,"dawnoftimebuilder:stone_bricks_faucet":8,"decorative_blocks:brazier":2,"minecraft:wither_rose":1,"alexsmobs:animal_dictionary":2,"vinery:apple_tree_sapling":1,"minecraft:stripped_oak_log":37,"mcwlights:iron_framed_torch":315,"minecraft:splash_potion":20,"minecraft:smooth_stone":142},"minecraft:picked_up":{"beachparty:beach_parasol":2,"chococraft:loverly_gysahl_green":1,"vinery:red_grape":2,"simplehats:hatbag_rare":4,"croptopia:grape_seed":2,"minecraft:lead":7,"minecraft:oak_stairs":3,"minecraft:wither_rose":1,"mcwlights:iron_framed_torch":27,"minecraft:string":2,"croptopia:cantaloupe":1,"biomesoplenty:tall_lavender":9,"mysticalagriculture:inferium_essence":9,"minecraft:gold_nugget":1,"minecraft:spruce_planks":65,"minecraft:written_book":13,"croptopia:blueberry":1,"alexsmobs:raccoon_tail":1,"minecraft:stick":22,"minecraft:green_bed":8,"minecraft:torch":56,"lets_forge_bronze_and_iron:broken_spartan_hoplita_boots":1,"tombstone:grave_dust":4,"minecraft:rotten_flesh":13,"croptopia:persimmon":17,"dawnoftimebuilder:maple_red_sapling":2,"mcwdoors:dark_oak_swamp_door":4,"croptopia:elderberry":1,"biomesoplenty:lavender":2,"minecraft:cobblestone":176,"alexsmobs:flying_fish":4,"croptopia:cauliflower":2,"minecraft:sponge":2,"minecraft:birch_log":243,"minecraft:pink_petals":1,"occultism:datura_seeds":5,"perfectplushies:dumbo_blob_plushie":2,"croptopia:spinach":1,"perfectplushies:hummingbird_plushie":1,"minecraft:flint":22,"croptopia:blueberry_seed":2,"minecraft:lapis_lazuli":2,"minecraft:dirt":1044,"minecraft:bone":4,"minecraft:wheat_seeds":65,"immersive_paintings:graffiti":1,"simplehats:hatbag_uncommon":3,"swem:oat_seeds":49,"minecraft:oak_planks":964,"bettas:seastar_item":2,"minecraft:sand":264,"ecologics:coconut_husk":1,"naturalist:duck_egg":1,"alexsmobs:animal_dictionary":1,"croptopia:spinach_seed":1,"croptopia:cherry":8,"perfectplushies:reindeer_plushie":1,"minecraft:bread":1,"minecraft:emerald":1,"minecraft:oak_sapling":30,"minecraft:crafting_table":1,"minecraft:azure_bluet":11,"croptopia:peach":12,"perfectplushies:snow_fox_plushie":1,"minecraft:leather_leggings":1,"biomesoplenty:jacaranda_sapling":1,"tameablebeasts:racoon_fur":1,"perfectplushies:hedgehog_plushie":1,"beachparty:seashell":5,"croptopia:tomato_seed":2,"minecraft:sugar_cane":4,"minecraft:chest":2,"minecraft:birch_sapling":6,"immersive_paintings:painting":1,"knightlib:small_essence":16,"minecraft:egg":3,"minecraft:stone":1,"simplehats:hatbag_common":4,"ecologics:coconut_slice":70,"beautify:lamp_candelabra":7,"croptopia:strawberry":1,"croptopia:grape":1,"minecraft:arrow":6,"croptopia:cantaloupe_seed":2,"biomesoplenty:jacaranda_log":4,"croptopia:strawberry_seed":1,"biomesoplenty:umbran_sapling":2,"simplehats:winghat":1,"minecraft:hay_block":26,"swem:alfalfa_seeds":41,"simplehats:eyepatch":1,"simplehats:chalk_stick":1,"minecraft:oxeye_daisy":1,"swem:timothy_seeds":47,"fairylights:hanging_lights":2,"beachparty:raw_mussel_meat":4,"minecraft:birch_planks":1043,"doggytalents:rice_grains":40,"croptopia:tea_leaves":1,"minecraft:oak_log":393,"biomesoplenty:jacaranda_planks":1,"chococraft:gysahl_green":16,"minecraft:apple":18,"minecraft:stone_bricks":1,"dawnoftimebuilder:iron_fancy_lantern":1,"croptopia:raspberry":1,"croptopia:tomato":1,"croptopia:elderberry_seed":2,"lightmanscurrency:coin_iron":36,"biomesoplenty:umbran_log":30,"croptopia:cauliflower_seed":1,"minecraft:pumpkin":64,"minecraft:dandelion":2,"minecraft:gravel":176,"mcwbridges:bridge_lantern":3,"chococraft:gysahl_green_seeds":7,"perfectplushies:quokka_plushie":1,"croptopia:tea_seed":2,"minecraft:leather_helmet":1,"lightmanscurrency:coin_copper":70,"croptopia:lemon":17,"croptopia:orange":10,"tombstone:magic_scroll":1,"herbalbrews:herbalbrews_standard":1,"minecraft:coal":18},"minecraft:dropped":{"knightlib:small_essence":4,"occultism:datura_seeds":2,"minecraft:birch_planks":6,"minecraft:cooked_beef":5,"lightmanscurrency:coin_copper":8,"minecraft:glow_ink_sac":1,"minecraft:crafting_table":1,"ecologics:coconut_slice":13,"croptopia:cauliflower":1,"croptopia:spinach":1,"minecraft:emerald":1,"alexsmobs:flying_fish":4,"mcwbridges:stone_bridge_pier":1,"minecraft:sand":3,"croptopia:cantaloupe_seed":2,"swem:oat_seeds":10,"minecraft:bone":1,"simplehats:hatbag_rare":1,"minecraft:sugar_cane":4,"alexsmobs:animal_dictionary":1,"beachparty:seashell":2,"minecraft:birch_sapling":2,"swem:alfalfa_seeds":5,"minecraft:rotten_flesh":2,"minecraft:azure_bluet":1,"minecraft:white_bed":1,"swem:timothy_seeds":2,"croptopia:spinach_seed":1,"tameablebeasts:racoon_fur":1,"minecraft:mossy_stone_brick_wall":1,"croptopia:cantaloupe":1,"mysticalagriculture:inferium_essence":3,"minecraft:stone_brick_wall":1,"ecologics:coconut_husk":15,"croptopia:tea_seed":2,"minecraft:stone_brick_stairs":1,"minecraft:egg":2,"brewery:corn":1,"croptopia:persimmon":1,"beachparty:sandwaves":1,"minecraft:wheat_seeds":5,"mcwbridges:rope_oak_bridge":1,"minecraft:oak_fence":1,"minecraft:lead":5,"croptopia:raspberry":1,"chococraft:gysahl_green_seeds":1,"minecraft:grass_block":1,"minecraft:stick":3,"croptopia:lemon":2,"tombstone:grave_dust":2,"minecraft:spruce_fence":1,"minecraft:stone":2,"simplehats:hatbag_common":2,"decorative_blocks:chandelier":1,"minecraft:spruce_planks":2,"minecraft:oak_sapling":2,"beachparty:raw_mussel_meat":2,"mca:needle_and_thread":5,"croptopia:tea_leaves":1,"minecraft:stone_bricks":1,"minecraft:sandstone":1,"lightmanscurrency:coin_iron":1},"minecraft:broken":{"minecraft:wooden_shovel":1,"minecraft:leather_leggings":1,"minecraft:stone_pickaxe":1,"minecraft:stone_axe":15,"lets_forge_bronze_and_iron:broken_spartan_hoplita_boots":1,"minecraft:wooden_axe":1,"minecraft:stone_shovel":3,"minecraft:leather_helmet":1,"frosted_friends:wooden_snow_shovel":1,"minecraft:wooden_pickaxe":1},"minecraft:mined":{"croptopia:grape_crop":1,"minecraft:grass_block":842,"minecraft:oxeye_daisy":1,"perfectplushies:snow_fox_plushie":1,"perfectplushies:hummingbird_plushie":1,"biomesoplenty:tall_lavender":10,"biomesoplenty:lavender":2,"minecraft:pumpkin":74,"minecraft:azure_bluet":16,"minecraft:dirt_path":2,"minecraft:oak_stairs":3,"minecraft:green_bed":8,"biomesoplenty:jacaranda_leaves":2,"perfectplushies:quokka_plushie":1,"biomesoplenty:jacaranda_planks":1,"minecraft:torch":34,"minecraft:chest":2,"minecraft:oak_planks":1096,"minecraft:wall_torch":2,"minecraft:birch_log":243,"biomesoplenty:umbran_log":30,"minecraft:grass":328,"biomesoplenty:clover":155,"minecraft:oak_log":399,"minecraft:sand":256,"minecraft:dirt":515,"biomesoplenty:umbran_leaves":84,"minecraft:oak_leaves":62,"croptopia:orange_crop":7,"perfectplushies:dumbo_blob_plushie":2,"minecraft:hay_block":26,"biomesoplenty:jacaranda_log":4,"croptopia:peach_crop":6,"minecraft:stone":176,"minecraft:cake":1,"minecraft:dandelion":2,"minecraft:sponge":2,"candlelight:wild_tomatoes":3,"minecraft:tall_grass":23,"biomesoplenty:sprout":24,"biomesoplenty:huge_clover_petal":67,"perfectplushies:hedgehog_plushie":1,"minecraft:birch_planks":1037,"perfectplushies:reindeer_plushie":1,"minecraft:coal_ore":23,"minecraft:gravel":198},"minecraft:custom":{"lootr:looted_stat":82,"minecraft:interact_with_crafting_table":41,"minecraft:open_barrel":3,"minecraft:bell_ring":17,"minecraft:eat_cake_slice":11,"minecraft:leave_game":54,"minecraft:time_since_death":327737,"minecraft:sprint_one_cm":2270452,"minecraft:drop":146,"minecraft:talked_to_villager":11,"minecraft:play_time":1515895,"minecraft:deaths":11,"minecraft:jump":10494,"minecraft:interact_with_brewingstand":1,"minecraft:walk_on_water_one_cm":456352,"minecraft:interact_with_furnace":1,"minecraft:sleep_in_bed":14,"minecraft:damage_dealt":7758,"minecraft:interact_with_beacon":2,"minecraft:crouch_one_cm":158122,"tombstone:undead_killed":23,"minecraft:horse_one_cm":358,"minecraft:mob_kills":40,"minecraft:interact_with_anvil":2,"minecraft:fill_cauldron":48,"minecraft:damage_dealt_resisted":94,"minecraft:climb_one_cm":5495,"minecraft:walk_one_cm":4171569,"minecraft:sneak_time":50827,"minecraft:walk_under_water_one_cm":452194,"minecraft:boat_one_cm":68241,"minecraft:interact_with_lectern":1,"minecraft:total_world_time":1515895,"minecraft:tune_noteblock":3,"minecraft:time_since_rest":6235,"minecraft:damage_taken":7269,"minecraft:swim_one_cm":131630,"minecraft:fly_one_cm":8096460,"minecraft:open_chest":132,"minecraft:fall_one_cm":118445},"minecraft:killed":{"bettas:seastar":2,"minecraft:spider":3,"minecraft:skeleton":10,"knightquest:swampman":1,"minecraft:zombie":12,"mca:male_zombie_villager":1,"vinery:mule":4,"tameablebeasts:tameable_racoon":1,"vinery:wandering_winemaker":2,"minecraft:bat":1,"knightquest:lizzy":1},"minecraft:crafted":{"minecraft:oak_planks":1184,"frosted_friends:wooden_snow_shovel":1,"minecraft:chest":8,"minecraft:wooden_shovel":2,"biomesoplenty:jacaranda_planks":16,"minecraft:crafting_table":2,"minecraft:wooden_pickaxe":1,"minecraft:birch_planks":972,"minecraft:stick":48,"minecraft:stone_sword":2,"minecraft:stone_shovel":5,"minecraft:stone_pickaxe":3,"minecraft:wheat":171,"croptopia:orange_sapling":1,"minecraft:stone_axe":16,"minecraft:bread":47,"minecraft:wooden_axe":1,"minecraft:oak_stairs":12}},"DataVersion":3465}