{"stats":{"minecraft:killed":{"vinery:mule":2,"vinery:wandering_winemaker":1},"minecraft:custom":{"minecraft:mob_kills":3,"minecraft:bell_ring":8,"minecraft:leave_game":9,"minecraft:time_since_death":769014,"minecraft:sprint_one_cm":587059,"minecraft:walk_one_cm":1991297,"minecraft:drop":63,"minecraft:talked_to_villager":2,"minecraft:play_time":769014,"minecraft:sneak_time":23058,"minecraft:walk_under_water_one_cm":385358,"minecraft:boat_one_cm":2700,"minecraft:jump":2601,"minecraft:walk_on_water_one_cm":386620,"minecraft:total_world_time":769014,"minecraft:time_since_rest":769014,"minecraft:damage_dealt":1306,"minecraft:interact_with_beacon":2,"minecraft:swim_one_cm":3438,"minecraft:fly_one_cm":5603856,"minecraft:crouch_one_cm":31501,"minecraft:fall_one_cm":836,"minecraft:horse_one_cm":358},"minecraft:used":{"dawnoftimebuilder:planter_geranium_pink":5,"minecraft:oak_fence":39,"minecraft:moss_block":4,"minecraft:cherry_sapling":7,"minecraft:netherite_sword":6,"minecraft:rose_bush":2,"cozy_home:telescope":5,"minecraft:carved_pumpkin":10,"minecraft:red_concrete":13,"minecraft:spruce_slab":3,"refurbished_furniture:cherry_hedge":83,"minecraft:spruce_planks":10149,"beachparty:sandwaves":208,"minecraft:stone":1731,"herbalbrews:wild_coffee_plant":1,"fairylights:oil_lantern":1,"onlyhammersandexcavators:netherite_excavator":1,"herbalbrews:herbalbrews_standard":1,"minecraft:dirt":131,"minecraft:anvil":7,"beachparty:empty_sand_bucket":4,"beachparty:sand_bucket":10,"minecraft:spruce_stairs":50,"additional_lights:fire_for_fire_pit_l":1,"minecraft:spruce_fence":26,"decorative_blocks:lattice":1,"dawnoftimebuilder:maple_red_sapling":2,"minecraft:oak_fence_gate":19,"mcwlights:iron_candle_holder":4,"minecraft:lava_bucket":6,"minecraft:lantern":29,"minecraft:iron_block":41,"minecraft:grass_block":571,"minecraft:oak_stairs":65,"furniture:telescope":2,"alexscaves:pewen_boat":2,"minecraft:cherry_leaves":1,"minecraft:stone_brick_stairs":72,"minecraft:stone_bricks":8157,"biomesoplenty:jacaranda_sapling":11,"minecraft:glowstone":127,"christmasfestivity:christmas_tree":2,"alexscaves:thornwood_boat":2,"beachparty:deck_chair":6,"fairylights:candle_lantern":1,"securitycraft:wire_cutters":7,"minecraft:mossy_stone_brick_wall":188,"additional_lights:fire_for_fire_pit_s":8,"moa_decor_science:telescopio":6,"fairylights:incandescent_light":2,"mcwbridges:rope_oak_bridge":11,"dawnoftimebuilder:iron_fancy_lantern":17,"dawnoftimebuilder:water_source_trickle":3,"minecraft:water_bucket":2136,"minecraft:mossy_stone_bricks":164,"mcwbridges:iron_bridge":1,"mcwdoors:dark_oak_swamp_door":2,"mcwbridges:stone_bridge_pier":30,"minecraft:spruce_door":1,"minecraft:oak_planks":1461,"aether:skyroot_sapling":1,"securitycraft:secret_oak_hanging_sign":11,"fairylights:meteor_light":3,"biomesoplenty:webbing":6,"minecraft:mossy_stone_brick_stairs":46,"minecraft:sandstone":622,"mcwdoors:spruce_barn_door":1,"minecraft:beacon":3,"minecraft:white_wool":327,"minecraft:sand":2279,"connectedglass:clear_glass":4,"ecologics:flowering_azalea_hanging_sign":1,"beachparty:beach_parasol":2,"beachparty:floaty":1,"minecraft:sponge":57,"onlyhammersandexcavators:netherite_hammer":1,"vinery:dark_cherry_door":2,"minecraft:stone_brick_wall":561,"mcwdoors:dark_oak_barn_glass_door":1,"minecraft:spruce_log":51,"dawnoftimebuilder:boxwood_tall_hedge":2,"dawnoftimebuilder:limestone_chimney":2,"cozy_home:stump_chair":9,"minecraft:lightning_rod":19,"a_man_with_plushies:peashooter_plush":1,"minecraft:oak_log":41,"minecraft:black_wool":53,"mcwbridges:iron_bridge_stair":16,"biomesoplenty:hanging_cobweb":6,"decorative_blocks:chain":11,"aether:golden_oak_sapling":1,"dawnoftimebuilder:iron_column":20,"herbalbrews:mixed_tea_leaf_block":3,"beachparty:seashell":51,"dawnoftimebuilder:boxwood_bush":1,"minecraft:pink_petals":50,"additional_lights:fire_pit_l_stone_bricks":44,"dawnoftimebuilder:stone_bricks_small_pool":4,"securitycraft:reinforced_lectern":2,"minecraft:cobblestone":64,"minecraft:andesite":7,"minecraft:chain":2,"dawnoftimebuilder:stone_bricks_faucet":6,"minecraft:smooth_stone_slab":37,"alexsmobs:animal_dictionary":1,"vinery:apple_tree_sapling":1,"decorative_blocks:brazier":2,"minecraft:white_concrete":828,"mcwlights:iron_framed_torch":315,"minecraft:oak_hanging_sign":12,"minecraft:bone_meal":105,"mcwbridges:bridge_lantern":38,"minecraft:smooth_stone":139},"minecraft:picked_up":{"minecraft:crafting_table":1,"beachparty:beach_parasol":2,"minecraft:azure_bluet":2,"simplehats:hatbag_rare":2,"minecraft:lead":5,"mcwlights:iron_framed_torch":27,"beachparty:seashell":3,"mysticalagriculture:inferium_essence":1,"minecraft:gold_nugget":1,"croptopia:tomato_seed":2,"minecraft:spruce_planks":65,"minecraft:sugar_cane":4,"knightlib:small_essence":9,"minecraft:stone":1,"simplehats:hatbag_common":1,"ecologics:coconut_slice":12,"minecraft:torch":1,"swem:alfalfa_seeds":11,"dawnoftimebuilder:maple_red_sapling":2,"alexsmobs:flying_fish":4,"occultism:datura_seeds":1,"minecraft:pink_petals":1,"swem:timothy_seeds":11,"beachparty:raw_mussel_meat":4,"doggytalents:rice_grains":15,"minecraft:lapis_lazuli":2,"minecraft:stone_bricks":1,"minecraft:wheat_seeds":14,"croptopia:tomato":1,"simplehats:hatbag_uncommon":2,"swem:oat_seeds":10,"mcwbridges:bridge_lantern":3,"chococraft:gysahl_green_seeds":1,"minecraft:emerald":1,"herbalbrews:herbalbrews_standard":1},"minecraft:dropped":{"beachparty:sandwaves":1,"knightlib:small_essence":4,"minecraft:wheat_seeds":2,"minecraft:glow_ink_sac":1,"minecraft:crafting_table":1,"ecologics:coconut_slice":12,"mcwbridges:rope_oak_bridge":1,"minecraft:oak_fence":1,"minecraft:lead":5,"chococraft:gysahl_green_seeds":1,"minecraft:grass_block":1,"minecraft:emerald":1,"alexsmobs:flying_fish":4,"mcwbridges:stone_bridge_pier":1,"minecraft:sand":3,"simplehats:hatbag_rare":1,"minecraft:sugar_cane":4,"beachparty:seashell":2,"minecraft:spruce_fence":1,"swem:timothy_seeds":1,"minecraft:stone":2,"decorative_blocks:chandelier":1,"simplehats:hatbag_common":1,"minecraft:mossy_stone_brick_wall":1,"minecraft:spruce_planks":2,"mysticalagriculture:inferium_essence":1,"minecraft:stone_brick_wall":1,"beachparty:raw_mussel_meat":2,"mca:needle_and_thread":1,"minecraft:stone_bricks":1,"minecraft:sandstone":1,"minecraft:stone_brick_stairs":1}},"DataVersion":3465}