{"stats":{"minecraft:killed":{"vinery:wandering_winemaker":1,"vinery:mule":2},"minecraft:dropped":{"swem:timothy_seeds":1,"minecraft:sugar_cane":3,"minecraft:wheat_seeds":2,"minecraft:spruce_planks":1,"ecologics:coconut_slice":2,"minecraft:lead":2,"chococraft:gysahl_green_seeds":1},"minecraft:used":{"minecraft:netherite_sword":6,"minecraft:grass_block":21,"minecraft:spruce_planks":6281,"minecraft:stone":216,"onlyhammersandexcavators:netherite_excavator":1,"minecraft:stone_bricks":4657,"minecraft:dirt":131,"minecraft:sponge":3,"onlyhammersandexcavators:netherite_hammer":1,"minecraft:stone_brick_wall":79,"additional_lights:fire_for_fire_pit_s":8},"minecraft:custom":{"minecraft:time_since_rest":170917,"minecraft:sprint_one_cm":155373,"minecraft:walk_one_cm":631389,"minecraft:mob_kills":3,"minecraft:drop":12,"minecraft:damage_dealt":716,"minecraft:swim_one_cm":660,"minecraft:talked_to_villager":1,"minecraft:fly_one_cm":1707722,"minecraft:crouch_one_cm":2242,"minecraft:play_time":170917,"minecraft:sneak_time":4365,"minecraft:walk_under_water_one_cm":3470,"minecraft:jump":848,"minecraft:leave_game":1,"minecraft:walk_on_water_one_cm":10010,"minecraft:time_since_death":170917,"minecraft:total_world_time":170917,"minecraft:fall_one_cm":836,"minecraft:horse_one_cm":358},"minecraft:picked_up":{"occultism:datura_seeds":1,"swem:timothy_seeds":11,"minecraft:azure_bluet":2,"ecologics:coconut_slice":2,"minecraft:lead":2,"doggytalents:rice_grains":15,"chococraft:gysahl_green_seeds":1,"minecraft:stone_bricks":1,"minecraft:wheat_seeds":14,"minecraft:spruce_planks":64,"croptopia:tomato_seed":2,"swem:alfalfa_seeds":11,"croptopia:tomato":1,"swem:oat_seeds":10,"minecraft:sugar_cane":3}},"DataVersion":3465}