{"stats":{"minecraft:picked_up":{"minecraft:cooked_porkchop":4,"patchouli:guide_book":1,"ecologics:seashell":3,"mca:needle_and_thread":5,"minecraft:sand":5,"ecologics:coconut_husk":4,"immersive_paintings:painting":2},"minecraft:dropped":{"mca:needle_and_thread":3,"minecraft:sand":5,"ecologics:seashell":3,"immersive_paintings:painting":1,"minecraft:cooked_porkchop":4,"patchouli:guide_book":1,"ecologics:coconut_husk":4},"minecraft:mined":{"minecraft:sand":11},"minecraft:custom":{"minecraft:open_chest":17,"minecraft:time_since_rest":47101,"minecraft:crouch_one_cm":15,"minecraft:sprint_one_cm":11189,"minecraft:play_time":47101,"minecraft:damage_taken":325,"minecraft:walk_one_cm":84147,"minecraft:sneak_time":7,"minecraft:walk_under_water_one_cm":768,"minecraft:drop":19,"minecraft:jump":107,"minecraft:damage_dealt":225,"minecraft:leave_game":1,"minecraft:walk_on_water_one_cm":761,"minecraft:time_since_death":47101,"minecraft:total_world_time":47101,"minecraft:fall_one_cm":659,"minecraft:fly_one_cm":12832},"minecraft:used":{"immersive_paintings:painting":1,"minecraft:written_book":2,"minecraft:cooked_porkchop":4,"alexsmobs:animal_dictionary":2}},"DataVersion":3465}