{"stats":{"minecraft:dropped":{"mca:needle_and_thread":1,"minecraft:sand":5,"ecologics:seashell":1,"minecraft:cooked_porkchop":4,"patchouli:guide_book":1,"ecologics:coconut_husk":4},"minecraft:used":{"minecraft:written_book":2,"minecraft:cooked_porkchop":1,"alexsmobs:animal_dictionary":2},"minecraft:mined":{"minecraft:sand":11},"minecraft:custom":{"minecraft:time_since_rest":10972,"minecraft:open_chest":7,"minecraft:play_time":10972,"minecraft:sprint_one_cm":5602,"minecraft:damage_taken":40,"minecraft:walk_one_cm":31890,"minecraft:walk_under_water_one_cm":768,"minecraft:drop":14,"minecraft:jump":48,"minecraft:damage_dealt":78,"minecraft:time_since_death":10972,"minecraft:walk_on_water_one_cm":761,"minecraft:total_world_time":10972,"minecraft:fly_one_cm":3620},"minecraft:picked_up":{"minecraft:cooked_porkchop":4,"patchouli:guide_book":1,"ecologics:seashell":1,"mca:needle_and_thread":2,"minecraft:sand":5,"ecologics:coconut_husk":4}},"DataVersion":3465}