{"stats":{"minecraft:picked_up":{"minecraft:cooked_porkchop":4,"patchouli:guide_book":1,"ecologics:seashell":3,"mca:needle_and_thread":5,"minecraft:sand":5,"ecologics:coconut_husk":4},"minecraft:dropped":{"mca:needle_and_thread":3,"minecraft:sand":5,"ecologics:seashell":3,"minecraft:cooked_porkchop":4,"patchouli:guide_book":1,"ecologics:coconut_husk":4},"minecraft:mined":{"minecraft:sand":11},"minecraft:custom":{"minecraft:open_chest":9,"minecraft:time_since_rest":35448,"minecraft:crouch_one_cm":15,"minecraft:sprint_one_cm":7636,"minecraft:play_time":35448,"minecraft:damage_taken":150,"minecraft:walk_one_cm":71473,"minecraft:sneak_time":1,"minecraft:walk_under_water_one_cm":768,"minecraft:drop":18,"minecraft:jump":76,"minecraft:damage_dealt":205,"minecraft:walk_on_water_one_cm":761,"minecraft:time_since_death":35448,"minecraft:total_world_time":35448,"minecraft:fall_one_cm":659,"minecraft:fly_one_cm":6053},"minecraft:used":{"minecraft:written_book":2,"minecraft:cooked_porkchop":1,"alexsmobs:animal_dictionary":2}},"DataVersion":3465}