{"stats":{"minecraft:dropped":{"occultism:datura_seeds":4,"minecraft:birch_planks":51,"chococraft:loverly_gysahl_green":15,"croptopia:rutabaga":4,"minecraft:oak_log":1,"immersive_paintings:painting":1,"minecraft:crafting_table":2,"minecraft:cooked_porkchop":17,"croptopia:elderberry_seed":4,"bakery:strawberry":9,"croptopia:cauliflower":8,"croptopia:spinach":1,"minecraft:cod":1,"croptopia:tomato_seed":25,"minecraft:dirt":66,"croptopia:celery":4,"minecraft:mutton":4,"minecraft:wooden_sword":6,"minecraft:sand":47,"croptopia:rutabaga_seed":3,"minecraft:iron_pickaxe":1,"croptopia:mustard_seed":2,"minecraft:birch_stairs":89,"croptopia:cantaloupe_seed":4,"swem:oat_seeds":23,"farmersdelight:mutton_chops":7,"bakery:oat":2,"biomesoplenty:toadstool":18,"bakery:oat_seeds":8,"minecraft:stone_axe":6,"simple_weapons:stone_scythe":1,"beachparty:seashell":11,"biomesoplenty:yellow_autumn_sapling":1,"minecraft:birch_sapling":2,"swem:alfalfa_seeds":9,"minecraft:rotten_flesh":40,"minecraft:oak_planks":1,"biomesoplenty:orange_autumn_sapling":1,"croptopia:strawberry_seed":3,"minecraft:salmon":3,"patchouli:guide_book":1,"croptopia:blueberry_seed":3,"beachparty:rubber_ring_axolotl":2,"swem:timothy_seeds":11,"croptopia:spinach_seed":2,"croptopia:blueberry":2,"croptopia:cantaloupe":1,"biomesoplenty:stripped_jacaranda_log":1,"minecraft:jungle_log":1,"ecologics:coconut_husk":16,"minecraft:birch_door":3,"croptopia:blackbean_seed":1,"doggytalents:rice_grains":12,"simplehats:explorerhat":1,"minecraft:arrow":2,"croptopia:tea_seed":2,"biomesoplenty:tall_lavender":1,"farmersdelight:tomato_seeds":3,"minecraft:stone_hoe":1,"croptopia:persimmon":1,"minecraft:bread":70,"minecraft:oak_slab":2,"minecraft:wheat_seeds":13,"croptopia:blackbean":1,"minecraft:cobblestone":130,"croptopia:blackberry":4,"connectedglass:borderless_glass_pane":16,"croptopia:raspberry":4,"chococraft:gysahl_green_seeds":76,"minecraft:purple_dye":120,"simplehats:tophat":1,"minecraft:spruce_stairs":1,"minecraft:stick":8,"biomesoplenty:violet":6,"wildernature:cooked_venison":1,"croptopia:celery_seed":18,"bakery:small_cooking_pot":1,"croptopia:grape_seed":8,"bakery:strawberry_seeds":6,"tombstone:grave_key":1,"croptopia:tomato":8,"minecraft:potion":1,"minecraft:dead_bush":6,"croptopia:cauliflower_seed":10,"bakery:wall_cabinet":2,"minecraft:paper":2,"minecraft:bucket":1,"croptopia:elderberry":5,"minecraft:redstone":2,"minecraft:furnace":1,"minecraft:sweet_berries":1,"minecraft:stone_sword":8,"minecraft:green_bed":1,"croptopia:blackberry_seed":4,"farmersdelight:cabbage_seeds":2,"minecraft:stone_shovel":1,"croptopia:raspberry_seed":8,"minecraft:stripped_oak_log":1,"croptopia:corn_seed":5,"sophisticatedbackpacks:backpack":1,"croptopia:radish_seed":2,"farmersdelight:flint_knife":1,"bakery:linzer_tart_slice":2,"minecraft:spruce_planks":1,"croptopia:pear":11,"croptopia:radish":1,"minecraft:wooden_shovel":1,"mca:needle_and_thread":3,"croptopia:tea_leaves":1,"minecraft:stone_pickaxe":3,"minecraft:wooden_pickaxe":2,"ecologics:seashell":3,"chococraft:gysahl_green":115},"minecraft:killed_by":{"minecraft:player":1},"minecraft:mined":{"minecraft:spruce_planks":2,"minecraft:farmland":4,"croptopia:grape_crop":2,"croptopia:strawberry_crop":8,"minecraft:cherry_log":9,"a_man_with_plushies:blue_pikmin_plush":5,"croptopia:mustard_crop":1,"minecraft:brewing_stand":1,"minecraft:grass_block":192,"minecraft:jungle_log":2,"biomesoplenty:flowering_oak_leaves":2,"biomesoplenty:jacaranda_stairs":18,"minecraft:oxeye_daisy":7,"beachparty:seashell_block":4,"bakery:oat_crate":2,"biomesoplenty:tall_lavender":19,"minecraft:iron_ore":1,"bakery:kitchen_sink":1,"bakery:brick_stove":1,"biomesoplenty:lavender":86,"biomesoplenty:violet":3,"minecraft:fletching_table":1,"bakery:baker_station":2,"minecraft:azure_bluet":24,"chococraft:gysahl_green":33,"bakery:oat_block":7,"bakery:tray":1,"bakery:cabinet":1,"minecraft:green_bed":6,"bakery:brick_counter":4,"biomesoplenty:jacaranda_leaves":38,"biomesoplenty:jacaranda_planks":36,"minecraft:torch":20,"minecraft:chest":4,"minecraft:glass":36,"swem:star_worm_cobble":3,"minecraft:cobblestone":8,"minecraft:sugar_cane":10,"minecraft:wall_torch":6,"minecraft:birch_log":107,"minecraft:light_gray_stained_glass":2,"biomesoplenty:maple_leaves":1,"minecraft:birch_door":1,"minecraft:grass":34,"biomesoplenty:clover":14,"connectedglass:borderless_glass_black_pane":1,"minecraft:oak_log":42,"minecraft:sand":220,"minecraft:dirt":210,"bakery:wall_cabinet":2,"minecraft:oak_leaves":23,"biomesoplenty:orange_autumn_leaves":15,"connectedglass:borderless_glass_pane":6,"minecraft:light_gray_stained_glass_pane":69,"minecraft:mossy_cobblestone":2,"minecraft:cherry_sapling":2,"minecraft:dark_oak_log":31,"minecraft:purple_candle":2,"bakery:oat_crop":5,"minecraft:spruce_fence":1,"minecraft:decorated_pot":1,"biomesoplenty:jacaranda_log":152,"minecraft:furnace":1,"biomesoplenty:toadstool":19,"a_man_with_plushies:red_pikmin_plush":5,"croptopia:corn_crop":2,"bakery:strawberry_crop":17,"croptopia:blueberry_crop":1,"bakery:small_cooking_pot":1,"minecraft:potatoes":20,"biomesoplenty:jacaranda_door":5,"minecraft:stripped_oak_log":33,"vinery:grapevine_stem":2,"minecraft:stone":222,"minecraft:birch_stairs":95,"bakery:cake_stand":3,"betterarcheology:archeology_table":1,"minecraft:stripped_dark_oak_log":1,"minecraft:crafting_table":6,"bakery:wild_strawberries":2,"a_man_with_plushies:yellow_pikmin_plush":2,"minecraft:campfire":1,"biomesoplenty:stripped_jacaranda_log":3,"minecraft:tall_grass":1,"bakery:bread_crate":1,"biomesoplenty:sprout":1,"biomesoplenty:huge_clover_petal":8,"bakery:drawer":8,"croptopia:spinach_crop":1,"minecraft:spruce_stairs":1,"minecraft:purple_bed":2,"minecraft:birch_planks":295,"minecraft:lime_glazed_terracotta":1,"biomesoplenty:yellow_autumn_leaves":3,"minecraft:sweet_berry_bush":15,"croptopia:tomato_crop":3,"minecraft:coal_ore":19,"minecraft:cherry_leaves":14,"croptopia:blackberry_crop":1,"croptopia:rutabaga_crop":1,"minecraft:cobweb":5},"minecraft:custom":{"lootr:looted_stat":83,"minecraft:interact_with_crafting_table":95,"minecraft:open_barrel":12,"minecraft:leave_game":7,"minecraft:time_since_death":41408,"minecraft:sprint_one_cm":1376196,"minecraft:damage_blocked_by_shield":255,"minecraft:drop":392,"minecraft:talked_to_villager":4,"minecraft:play_time":693528,"minecraft:deaths":16,"minecraft:interact_with_brewingstand":10,"minecraft:jump":7243,"minecraft:walk_on_water_one_cm":197667,"minecraft:interact_with_furnace":63,"minecraft:interact_with_cartography_table":1,"minecraft:interact_with_loom":1,"minecraft:sleep_in_bed":22,"minecraft:damage_dealt":11633,"minecraft:crouch_one_cm":11126,"tombstone:undead_killed":40,"minecraft:interact_with_smoker":1,"minecraft:horse_one_cm":800,"minecraft:mob_kills":66,"minecraft:climb_one_cm":2507,"minecraft:walk_one_cm":2300884,"minecraft:damage_dealt_absorbed":162,"minecraft:sneak_time":2698,"minecraft:walk_under_water_one_cm":120656,"minecraft:boat_one_cm":892466,"minecraft:total_world_time":693528,"minecraft:time_since_rest":40881,"minecraft:damage_taken":11492,"minecraft:swim_one_cm":527421,"minecraft:fly_one_cm":1504615,"minecraft:open_chest":255,"minecraft:fall_one_cm":166074},"minecraft:broken":{"minecraft:stone_pickaxe":1,"minecraft:stone_axe":6,"minecraft:stone_shovel":3,"minecraft:golden_chestplate":1},"minecraft:picked_up":{"minecraft:birch_door":1,"chococraft:loverly_gysahl_green":15,"beachparty:rubber_ring_axolotl":2,"croptopia:grape_seed":8,"simplehats:popehat":1,"biomesoplenty:orange_autumn_sapling":10,"biomesoplenty:violet":6,"minecraft:potion":4,"bakery:strawberry_seeds":55,"croptopia:calamari":14,"minecraft:brewing_stand":1,"minecraft:string":10,"croptopia:cantaloupe":3,"biomesoplenty:yellow_autumn_sapling":3,"bakery:bread_knife":1,"bakery:oat_block":7,"biomesoplenty:tall_lavender":18,"mysticalagriculture:inferium_essence":16,"minecraft:bucket":1,"bakery:brick_stove":1,"minecraft:spruce_planks":2,"minecraft:wooden_shovel":1,"minecraft:iron_pickaxe":1,"croptopia:blueberry":3,"croptopia:mustard_seed":2,"ecologics:crab_claw":1,"minecraft:furnace":1,"minecraft:stick":36,"bakery:small_cooking_pot":3,"croptopia:blackbean":1,"croptopia:blackberry_seed":6,"minecraft:torch":35,"croptopia:rutabaga":5,"minecraft:green_bed":7,"minecraft:spruce_stairs":1,"minecraft:cherry_log":8,"tombstone:grave_dust":12,"bakery:oat_crate":2,"minecraft:golden_chestplate":1,"bakery:rolling_pin":1,"minecraft:stone_sword":7,"minecraft:rotten_flesh":42,"croptopia:persimmon":5,"croptopia:raspberry_seed":8,"bakery:cake_stand":3,"croptopia:elderberry":5,"minecraft:cod":1,"minecraft:cobblestone":351,"croptopia:cauliflower":12,"biomesoplenty:lavender":86,"minecraft:birch_log":107,"occultism:datura_seeds":3,"croptopia:radish":1,"minecraft:jungle_log":1,"bakery:cabinet":1,"swem:star_worm":14,"minecraft:potato":96,"simplehats:tophat":1,"croptopia:spinach":1,"simplehats:explorerhat":1,"farmersdelight:cooked_bacon":2,"bakery:baker_station":2,"croptopia:blueberry_seed":3,"croptopia:celery":4,"minecraft:dirt":479,"minecraft:lantern":1,"minecraft:bone":16,"croptopia:corn":2,"minecraft:wheat_seeds":16,"vinery:grapevine_stem":2,"bakery:oat":31,"simplehats:hatbag_uncommon":5,"swem:oat_seeds":26,"minecraft:stone_hoe":1,"minecraft:lime_glazed_terracotta":1,"bakery:chocolate_glazed_cookie":1,"biomesoplenty:toadstool":18,"minecraft:cooked_porkchop":17,"patchouli:guide_book":1,"croptopia:mustard":1,"croptopia:blackberry":5,"mca:needle_and_thread":5,"croptopia:celery_seed":25,"minecraft:sand":267,"ecologics:coconut_husk":6,"minecraft:ink_sac":27,"minecraft:dead_bush":4,"minecraft:fermented_spider_eye":2,"minecraft:dark_oak_log":32,"croptopia:spinach_seed":2,"simplehats:eyeholder_evil":1,"bakery:brick_counter":4,"simplehats:policebucket":1,"croptopia:radish_seed":2,"bakery:wall_cabinet":4,"bakery:tray":2,"wildernature:cooked_venison":1,"minecraft:bread":4,"bakery:glowberry_pie_slice":4,"minecraft:oak_sapling":6,"biomesoplenty:stripped_jacaranda_log":4,"simplehats:apple":1,"minecraft:charcoal":2,"minecraft:crafting_table":8,"minecraft:azure_bluet":21,"ecologics:seashell":3,"minecraft:wooden_pickaxe":1,"biomesoplenty:jacaranda_sapling":7,"minecraft:brick":4,"minecraft:wooden_sword":5,"minecraft:item_frame":4,"wildernature:venison":4,"beachparty:seashell":13,"croptopia:pear":22,"croptopia:tomato_seed":27,"minecraft:sugar_cane":18,"minecraft:chest":4,"minecraft:birch_sapling":2,"knightlib:small_essence":12,"immersive_paintings:painting":2,"minecraft:egg":1,"bakery:linzer_tart_slice":5,"minecraft:raw_iron":1,"croptopia:corn_seed":6,"simplehats:hatbag_common":4,"ecologics:coconut_slice":13,"minecraft:copper_ingot":1,"croptopia:blackbean_seed":1,"sophisticatedbackpacks:backpack":2,"minecraft:redstone":2,"croptopia:strawberry":12,"croptopia:grape":6,"minecraft:purple_candle":3,"minecraft:arrow":15,"croptopia:cantaloupe_seed":6,"minecraft:stone_shovel":1,"biomesoplenty:jacaranda_log":152,"biomesoplenty:jacaranda_stairs":18,"croptopia:strawberry_seed":29,"swem:alfalfa_seeds":11,"bakery:apple_cupcake":1,"minecraft:oxeye_daisy":7,"minecraft:stripped_oak_log":33,"swem:timothy_seeds":14,"minecraft:air":0,"minecraft:salmon":3,"minecraft:birch_planks":344,"doggytalents:rice_grains":21,"biomesoplenty:jacaranda_door":9,"croptopia:tea_leaves":1,"bakery:chocolate_tart":1,"minecraft:oak_log":43,"bakery:sweetberry_cupcake":1,"biomesoplenty:jacaranda_planks":36,"farmersdelight:flint_knife":1,"tombstone:gift":1,"chococraft:chocobo_feather":3,"chococraft:gysahl_green":348,"minecraft:apple":1,"chococraft:gold_gysahl":3,"bakery:oat_seeds":95,"croptopia:raspberry":5,"minecraft:stone_pickaxe":3,"croptopia:tomato":15,"croptopia:elderberry_seed":4,"lightmanscurrency:coin_iron":59,"minecraft:iron_sword":1,"bakery:dough":6,"minecraft:oak_slab":2,"bakery:strawberry":57,"croptopia:cauliflower_seed":12,"minecraft:birch_boat":6,"minecraft:sweet_berries":155,"minecraft:birch_stairs":142,"croptopia:rutabaga_seed":3,"chococraft:gysahl_green_seeds":128,"croptopia:tea_seed":2,"simplehats:longfoxears":1,"a_man_with_plushies:red_pikmin_plush":12,"lightmanscurrency:coin_copper":193,"biomesoplenty:maple_sapling":6,"minecraft:purple_bed":2,"minecraft:stone_axe":7,"simplehats:carrotonstick":1,"minecraft:painting":2,"minecraft:cherry_sapling":17,"tombstone:magic_scroll":3,"bakery:baguette":6,"minecraft:stripped_dark_oak_log":1,"minecraft:coal":20,"bakery:drawer":8},"minecraft:crafted":{"minecraft:black_dye":24,"minecraft:oak_planks":32,"minecraft:birch_boat":3,"connectedglass:borderless_glass":40,"minecraft:glass":158,"minecraft:chest":10,"minecraft:birch_door":3,"minecraft:stone_hoe":1,"biomesoplenty:jacaranda_stairs":100,"biomesoplenty:jacaranda_planks":464,"vinery:grapevine_stem":16,"minecraft:crafting_table":4,"minecraft:wooden_pickaxe":1,"minecraft:baked_potato":21,"minecraft:birch_planks":428,"minecraft:purple_dye":120,"minecraft:shield":1,"minecraft:stick":36,"minecraft:iron_ingot":9,"minecraft:stone_sword":3,"minecraft:light_gray_dye":28,"minecraft:birch_stairs":68,"minecraft:light_gray_stained_glass_pane":80,"wildernature:cooked_venison":4,"minecraft:wooden_sword":1,"minecraft:stone_shovel":4,"minecraft:light_gray_stained_glass":32,"simple_weapons:stone_scythe":1,"croptopia:strawberry_seed":3,"minecraft:furnace":2,"connectedglass:borderless_glass_black_pane":88,"minecraft:bone_meal":39,"minecraft:glass_pane":96,"minecraft:stone_pickaxe":4,"biomesoplenty:jacaranda_door":6,"minecraft:dark_oak_planks":8,"sophisticatedbackpacks:iron_backpack":1,"connectedglass:borderless_glass_pane":112,"minecraft:stone_axe":11,"minecraft:air":0,"minecraft:torch":44,"bakery:strawberry_seeds":32},"minecraft:killed":{"alexsmobs:lobster":3,"minecraft:spider":3,"minecraft:zombie_horse":3,"minecraft:skeleton":10,"ecologics:coconut_crab":1,"alexsmobs:seal":1,"minecraft:zombie":24,"minecraft:drowned":3,"minecraft:squid":14,"wildernature:deer":2},"minecraft:used":{"minecraft:cherry_sapling":7,"minecraft:light_gray_stained_glass_pane":73,"minecraft:chest":14,"minecraft:shield":7,"minecraft:iron_sword":84,"minecraft:glass":36,"bakery:oat_seeds":33,"beachparty:rubber_ring_axolotl":1,"connectedglass:borderless_glass_pane":6,"biomesoplenty:jacaranda_sapling":6,"minecraft:written_book":2,"minecraft:sweet_berries":134,"minecraft:furnace":2,"minecraft:potato":64,"minecraft:lime_glazed_terracotta":1,"croptopia:tomato":7,"minecraft:stone_pickaxe":304,"minecraft:wooden_pickaxe":38,"bakery:cake_stand":3,"minecraft:sugar_cane":18,"minecraft:sand":62,"bakery:drawer":5,"bakery:sweetberry_cupcake":1,"biomesoplenty:jacaranda_planks":275,"minecraft:dark_oak_log":5,"ecologics:coconut_slice":13,"bakery:brick_counter":3,"chococraft:gysahl_green":212,"a_man_with_plushies:red_pikmin_plush":1,"croptopia:cantaloupe":1,"minecraft:bone_meal":39,"croptopia:corn":2,"minecraft:stone_sword":217,"bakery:glowberry_pie_slice":4,"minecraft:stone_shovel":491,"minecraft:spruce_planks":1,"bakery:oat_crate":2,"connectedglass:borderless_glass_black_pane":86,"minecraft:stone_hoe":81,"minecraft:dirt":390,"minecraft:brewing_stand":1,"minecraft:torch":75,"croptopia:strawberry_seed":19,"croptopia:raspberry":1,"minecraft:birch_door":1,"minecraft:light_gray_stained_glass":2,"immersive_paintings:painting":1,"connectedglass:borderless_glass":36,"vinery:grapevine_stem":13,"biomesoplenty:jacaranda_log":27,"biomesoplenty:jacaranda_stairs":116,"croptopia:persimmon":4,"bakery:strawberry_seeds":24,"bakery:linzer_tart_slice":3,"tombstone:gift":7,"bakery:baker_station":2,"croptopia:strawberry":1,"croptopia:grape":3,"biomesoplenty:jacaranda_door":13,"minecraft:water_bucket":17,"minecraft:birch_planks":351,"minecraft:baked_potato":9,"minecraft:birch_boat":9,"wildernature:cooked_venison":2,"minecraft:green_bed":5,"minecraft:crafting_table":8,"bakery:strawberry":13,"simple_weapons:stone_scythe":43,"minecraft:oak_log":27,"minecraft:apple":1,"chococraft:gysahl_green_seeds":6,"minecraft:iron_pickaxe":28,"biomesoplenty:stripped_jacaranda_log":2,"minecraft:stone_axe":990,"farmersdelight:cooked_bacon":2,"minecraft:cobblestone":36,"minecraft:purple_bed":1,"bakery:brick_stove":1,"minecraft:cooked_porkchop":37,"minecraft:bucket":16,"alexsmobs:animal_dictionary":7,"minecraft:stripped_oak_log":5,"minecraft:birch_stairs":120}},"DataVersion":3465}