{"stats":{"minecraft:picked_up":{"minecraft:cooked_porkchop":4,"patchouli:guide_book":1,"ecologics:seashell":3,"mca:needle_and_thread":4,"minecraft:sand":5,"ecologics:coconut_husk":4},"minecraft:dropped":{"mca:needle_and_thread":3,"minecraft:sand":5,"ecologics:seashell":3,"minecraft:cooked_porkchop":4,"patchouli:guide_book":1,"ecologics:coconut_husk":4},"minecraft:mined":{"minecraft:sand":11},"minecraft:custom":{"minecraft:open_chest":7,"minecraft:time_since_rest":23448,"minecraft:sprint_one_cm":6887,"minecraft:play_time":23448,"minecraft:damage_taken":70,"minecraft:walk_one_cm":54707,"minecraft:walk_under_water_one_cm":768,"minecraft:drop":18,"minecraft:jump":61,"minecraft:damage_dealt":169,"minecraft:walk_on_water_one_cm":761,"minecraft:time_since_death":23448,"minecraft:total_world_time":23448,"minecraft:fly_one_cm":5396},"minecraft:used":{"minecraft:written_book":2,"minecraft:cooked_porkchop":1,"alexsmobs:animal_dictionary":2}},"DataVersion":3465}