{"stats":{"minecraft:dropped":{"minecraft:wheat_seeds":4,"alexsmobs:animal_dictionary":1,"beachparty:seashell":1,"minecraft:lime_wool":1,"swem:alfalfa_seeds":1,"onlyhammersandexcavators:emerald_excavator":1,"minecraft:azure_bluet":1,"patchouli:guide_book":1,"swem:timothy_seeds":7,"minecraft:stone":1,"minecraft:spruce_planks":64,"farmersdelight:onion":1,"doggytalents:rice_grains":1,"onlyhammersandexcavators:obsidian_hammer":1,"swem:oat_seeds":1},"minecraft:used":{"onlyhammersandexcavators:obsidian_hammer":2,"biomesoplenty:clover":2,"minecraft:water_bucket":15,"minecraft:iron_bars":67,"minecraft:polished_deepslate":12,"minecraft:spruce_slab":150,"minecraft:redstone":149,"minecraft:lime_wool":6,"minecraft:ender_pearl":2,"minecraft:spruce_planks":368,"moa_decor_art:esculturalavictoriodesamotracia":3,"minecraft:stone":49,"mcwlights:iron_chandelier":1,"fairylights:paper_lantern":4,"minecraft:torch":6,"minecraft:polished_deepslate_slab":2,"minecraft:dirt":7,"minecraft:sand":72,"moa_decor_art:esculturaeldiscobolo":4,"moa_decor_art:esculturabuda":3,"minecraft:spruce_stairs":8,"moa_decor_art:esculturachacmool":5,"minecraft:stone_brick_wall":29,"moa_decor_art:esculturajesuscrucificado":5,"minecraft:stripped_spruce_log":8,"minecraft:polished_deepslate_stairs":3,"minecraft:redstone_torch":29,"minecraft:sticky_piston":19,"minecraft:stone_brick_slab":20,"minecraft:piston":100,"minecraft:sea_lantern":13,"moa_decor_art:esculturaeldavid":4,"moa_decor_art:esculturaelpensador":2,"minecraft:red_wool":10,"minecraft:grass_block":242,"minecraft:stone_button":22,"beachparty:seashell":3,"minecraft:gravel":80,"minecraft:stone_bricks":1219,"moa_decor_art:esculturavenusdemilo":3,"minecraft:red_carpet":358,"minecraft:repeater":56,"onlyhammersandexcavators:emerald_excavator":1,"moa_decor_art:esculturadragonchino":5,"mcwlights:iron_framed_torch":5,"minecraft:splash_potion":1,"moa_decor_art:esculturamujerconjarra":4},"minecraft:custom":{"minecraft:leave_game":1,"minecraft:time_since_death":181937,"minecraft:time_since_rest":181937,"minecraft:sprint_one_cm":12900,"minecraft:walk_one_cm":116078,"minecraft:drop":24,"minecraft:damage_dealt":120,"minecraft:swim_one_cm":644,"minecraft:fly_one_cm":1481571,"minecraft:crouch_one_cm":5599,"minecraft:play_time":181937,"minecraft:sneak_time":7945,"minecraft:walk_under_water_one_cm":1953,"minecraft:jump":193,"minecraft:walk_on_water_one_cm":3303,"minecraft:total_world_time":181937},"minecraft:picked_up":{"occultism:datura_seeds":1,"swem:timothy_seeds":14,"minecraft:allium":3,"minecraft:azure_bluet":15,"minecraft:repeater":5,"ecologics:seashell":1,"doggytalents:rice_grains":17,"beachparty:seashell":1,"chococraft:gysahl_green":7,"minecraft:wheat_seeds":14,"minecraft:redstone_torch":2,"minecraft:sugar_cane":1,"swem:oat_seeds":11,"knightlib:small_essence":1,"minecraft:lime_wool":1,"patchouli:guide_book":1,"minecraft:gravel":3,"minecraft:stone_button":2,"chococraft:gysahl_green_seeds":5,"minecraft:redstone":30,"alexsmobs:animal_dictionary":1,"farmersdelight:onion":3,"swem:alfalfa_seeds":10}},"DataVersion":3465}