{"stats":{"minecraft:picked_up":{"occultism:datura_seeds":4,"swem:timothy_seeds":21,"minecraft:allium":3,"minecraft:azure_bluet":38,"minecraft:repeater":5,"onlyhammersandexcavators:emerald_excavator":1,"ecologics:seashell":1,"doggytalents:rice_grains":31,"mcwbridges:pliers":1,"beachparty:seashell":1,"chococraft:gysahl_green":7,"minecraft:wheat_seeds":24,"minecraft:redstone_torch":2,"minecraft:sugar_cane":3,"swem:oat_seeds":18,"knightlib:small_essence":1,"minecraft:lime_wool":1,"patchouli:guide_book":3,"onlyhammersandexcavators:obsidian_hammer":1,"minecraft:torch":7,"minecraft:gravel":3,"minecraft:stone_button":2,"chococraft:gysahl_green_seeds":5,"minecraft:redstone":30,"alexsmobs:animal_dictionary":3,"farmersdelight:onion":3,"swem:alfalfa_seeds":19},"minecraft:custom":{"minecraft:mob_kills":1,"minecraft:leave_game":3,"minecraft:time_since_death":346615,"minecraft:time_since_rest":346615,"minecraft:sprint_one_cm":14066,"minecraft:walk_one_cm":137884,"minecraft:drop":47,"minecraft:damage_dealt":222,"minecraft:swim_one_cm":2163,"minecraft:fly_one_cm":2503195,"minecraft:crouch_one_cm":6601,"minecraft:play_time":346615,"minecraft:sneak_time":14916,"minecraft:walk_under_water_one_cm":449415,"minecraft:jump":258,"minecraft:walk_on_water_one_cm":122320,"minecraft:total_world_time":346615},"minecraft:used":{"onlyhammersandexcavators:obsidian_hammer":3,"biomesoplenty:clover":2,"minecraft:diorite":28,"minecraft:water_bucket":1904,"mcwbridges:stone_brick_bridge":163,"minecraft:iron_bars":67,"mcwbridges:stone_bridge_pier":1,"minecraft:polished_deepslate":12,"minecraft:spruce_slab":150,"minecraft:redstone":149,"minecraft:lime_wool":6,"minecraft:ender_pearl":2,"minecraft:spruce_planks":368,"moa_decor_art:esculturalavictoriodesamotracia":3,"biomesoplenty:webbing":3,"minecraft:sandstone":8,"minecraft:stone":1219,"mcwlights:iron_chandelier":1,"fairylights:paper_lantern":4,"minecraft:torch":25,"minecraft:polished_deepslate_slab":2,"minecraft:dirt":356,"minecraft:sand":1514,"moa_decor_art:esculturaeldiscobolo":4,"moa_decor_art:esculturabuda":3,"minecraft:spruce_stairs":8,"moa_decor_art:esculturachacmool":5,"minecraft:sponge":2,"minecraft:stone_brick_wall":29,"minecraft:granite":1,"moa_decor_art:esculturajesuscrucificado":5,"minecraft:stripped_spruce_log":8,"minecraft:polished_deepslate_stairs":3,"minecraft:redstone_torch":29,"minecraft:sticky_piston":19,"minecraft:stone_brick_slab":20,"minecraft:piston":100,"minecraft:sea_lantern":13,"moa_decor_art:esculturaeldavid":4,"moa_decor_art:esculturaelpensador":2,"mcwbridges:oak_rail_bridge":100,"minecraft:red_wool":10,"minecraft:grass_block":3467,"minecraft:stone_button":22,"beachparty:seashell":3,"minecraft:gravel":84,"minecraft:stone_bricks":2052,"additional_lights:fire_pit_l_stone_bricks":4,"moa_decor_art:esculturadragonchino":5,"moa_decor_art:esculturavenusdemilo":3,"minecraft:repeater":56,"onlyhammersandexcavators:emerald_excavator":2,"minecraft:red_carpet":358,"mcwbridges:oak_bridge_pier":927,"mcwlights:iron_framed_torch":5,"minecraft:splash_potion":7,"moa_decor_art:esculturamujerconjarra":4},"minecraft:dropped":{"swem:star_worm_cobble":1,"bettas:guppy_bucket":1,"occultism:datura_seeds":1,"minecraft:wheat_seeds":6,"alexsmobs:animal_dictionary":3,"beachparty:seashell":1,"minecraft:lime_wool":1,"mcwbridges:pliers":1,"swem:alfalfa_seeds":2,"onlyhammersandexcavators:emerald_excavator":2,"minecraft:granite":1,"minecraft:azure_bluet":1,"patchouli:guide_book":3,"minecraft:dirt":1,"swem:timothy_seeds":7,"minecraft:stone":3,"minecraft:spruce_planks":64,"farmersdelight:onion":1,"minecraft:stone_bricks":1,"doggytalents:rice_grains":6,"onlyhammersandexcavators:obsidian_hammer":2,"swem:oat_seeds":1},"minecraft:killed":{"bettas:crystalshrimp":1}},"DataVersion":3465}