{"stats":{"minecraft:killed":{"minecraft:skeleton":1,"minecraft:sheep":2,"bettas:crystalshrimp":1,"minecraft:zombie":1,"minecraft:cow":2,"alexsmobs:raccoon":1,"vinery:wandering_winemaker":1,"brewery:beer_elemental":1},"minecraft:broken":{"minecraft:wooden_shovel":1,"onlyhammersandexcavators:wooden_excavator":5,"minecraft:wooden_axe":3},"minecraft:crafted":{"minecraft:chest":4,"beachparty:palm_fence":48,"minecraft:wooden_shovel":1,"minecraft:crafting_table":1,"minecraft:wooden_pickaxe":1,"minecraft:birch_planks":4,"minecraft:stick":252,"minecraft:wooden_sword":1,"minecraft:stone_shovel":1,"ecologics:coconut_planks":52,"beachparty:palm_planks":104,"biomesoplenty:redwood_door":3,"biomesoplenty:redwood_planks":512,"biomesoplenty:redwood_fence":207,"biomesoplenty:redwood_fence_gate":2,"onlyhammersandexcavators:wooden_excavator":6,"onlyhammersandexcavators:stone_excavator":1,"minecraft:wooden_axe":4,"minecraft:torch":52},"minecraft:custom":{"minecraft:interact_with_crafting_table":31,"minecraft:bell_ring":1,"minecraft:eat_cake_slice":8,"minecraft:leave_game":19,"minecraft:time_since_death":14235,"minecraft:sprint_one_cm":176300,"minecraft:drop":90,"minecraft:talked_to_villager":2,"minecraft:play_time":1011479,"minecraft:deaths":1,"minecraft:jump":1881,"minecraft:walk_on_water_one_cm":435712,"minecraft:sleep_in_bed":5,"minecraft:damage_dealt":2172,"minecraft:interact_with_beacon":11,"minecraft:crouch_one_cm":41666,"tombstone:undead_killed":2,"minecraft:horse_one_cm":61091,"minecraft:interact_with_anvil":3,"minecraft:mob_kills":10,"minecraft:walk_one_cm":917951,"minecraft:damage_dealt_absorbed":40,"minecraft:sneak_time":36998,"minecraft:walk_under_water_one_cm":1036184,"minecraft:interact_with_lectern":3,"minecraft:total_world_time":1011479,"minecraft:time_since_rest":13639,"minecraft:damage_taken":760,"minecraft:swim_one_cm":47878,"minecraft:fly_one_cm":6068453,"minecraft:open_chest":25,"minecraft:fall_one_cm":22543},"minecraft:used":{"mcwbridges:stone_brick_bridge":367,"minecraft:writable_book":2,"minecraft:polished_deepslate":12,"candlelight:dark_oak_chair":17,"vinery:red_wine":1,"chiselsandbits:chiseled_block":1,"minecraft:spruce_slab":260,"minecraft:oak_sign":6,"minecraft:chest":23,"minecraft:stone":2739,"vinery:villagers_fright":3,"minecraft:bell":1,"cozy_home:dark_oak_chair":2,"vinery:strad_wine":4,"vinery:mead":10,"vinery:jellie_wine":6,"vinery:clark_wine":2,"moa_decor_art:esculturaeldiscobolo":4,"biomesoplenty:redwood_fence":215,"vinery:eiswein":13,"mcwbridges:andesite_bridge":11,"vinery:glowing_wine":11,"minecraft:stripped_spruce_log":8,"minecraft:milk_bucket":3,"mcwlights:dark_oak_ceiling_fan_light":3,"minecraft:polished_deepslate_stairs":3,"herbalbrews:tea_leaf_crate":3,"vinery:bottle_mojang_noir":2,"minecraft:red_wool":10,"minecraft:lantern":45,"minecraft:grass_block":4846,"minecraft:copper_ore":1,"another_furniture:red_sofa":11,"vinery:chenet_wine":2,"vinery:knulp_wine":5,"minecraft:stone_brick_stairs":406,"minecraft:stone_bricks":2935,"connectedglass:borderless_glass_pane":88,"mcwlights:oak_tiki_torch":6,"minecraft:spruce_hanging_sign":4,"brewery:beer_haley":1,"minecraft:red_carpet":1377,"minecraft:repeater":60,"vinery:vinery_standard":4,"minecraft:written_book":2,"alexsmobs:spawn_egg_giant_squid":1,"refurbished_furniture:oak_table":23,"moa_decor_art:esculturamujerconjarra":4,"brewery:beer_elemental_spawn_egg":1,"dawnoftimebuilder:iron_fancy_lantern":49,"minecraft:diorite":28,"mcwbridges:stone_bridge_pier":55,"minecraft:spruce_door":5,"biomesoplenty:redwood_fence_gate":2,"minecraft:red_stained_glass":1,"minecraft:oak_planks":476,"minecraft:ender_pearl":11,"minecraft:wooden_pickaxe":48,"biomesoplenty:webbing":3,"minecraft:sandstone":34,"alexsmobs:spawn_egg_anaconda":5,"minecraft:blue_bed":1,"vinery:solaris_wine":2,"chipped:raster_yellow_stained_glass_pane":32,"minecraft:white_wool":80,"elevatorid:elevator_white":2,"brewery:barrel_main":1,"minecraft:sand":1577,"alexsmobs:spawn_egg_mimic_octopus":3,"moa_decor_art:esculturachacmool":5,"minecraft:sponge":29,"minecraft:stone_brick_wall":143,"decorative_blocks:chandelier":1,"minecraft:redstone_torch":40,"vinery:stal_wine":8,"minecraft:sticky_piston":19,"moa_decor_art:esculturaeldavid":4,"mcwbridges:iron_bridge_stair":36,"moa_decor_art:esculturaelpensador":4,"alexsmobs:spawn_egg_alligator_snapping_turtle":3,"vinery:kelp_cider":2,"minecraft:stone_button":22,"minecraft:lectern":1,"dawnoftimebuilder:iron_column":141,"beachparty:seashell":3,"furniture:spruce_desk":1,"minecraft:gravel":85,"beachparty:tiki_chair":5,"brewery:bench":3,"alexsmobs:spawn_egg_frilled_shark":25,"additional_lights:fire_pit_l_stone_bricks":9,"minecraft:jungle_sign":18,"alexsmobs:spawn_egg_caiman":5,"minecraft:wooden_sword":42,"minecraft:white_stained_glass":1,"minecraft:chain":36,"mcwbridges:oak_bridge_pier":990,"chococraft:gysahl_green":28,"minecraft:smooth_stone_slab":2317,"minecraft:white_concrete":373,"mcwbridges:bridge_lantern":5,"minecraft:bone_meal":480,"moa_decor_electronics:camara_seguridad_frontal":2,"chipped:glass_dark_oak_door":2,"biomesoplenty:clover":2,"biomesoplenty:redwood_door":2,"minecraft:enchanting_table":3,"minecraft:iron_bars":296,"brewery:wooden_brewingstation":1,"brewery:mashed_potatoes":3,"additional_lights:standing_torch_l_sandstone":10,"minecraft:red_concrete":243,"biomesoplenty:redwood_planks":92,"minecraft:stone_shovel":32,"minecraft:redstone":149,"candlelight:spruce_chair":23,"minecraft:spruce_planks":977,"beachparty:sandwaves":1,"brewery:breathalyzer":6,"minecraft:wooden_shovel":63,"vinery:aegis_wine":8,"mcwlights:iron_chandelier":4,"vinery:oak_wine_rack_big":22,"minecraft:torch":100,"additional_lights:al_lamp_dark_oak_planks":7,"brewery:beer_hops":6,"minecraft:dirt":706,"minecraft:anvil":3,"moa_decor_art:esculturabuda":3,"minecraft:spruce_stairs":422,"onlyhammersandexcavators:wooden_excavator":1936,"minecraft:granite":1,"minecraft:spruce_fence":123,"minecraft:stone_brick_slab":26,"minecraft:wooden_axe":219,"brewery:table":12,"beachparty:palm_planks":1,"minecraft:sea_lantern":104,"minecraft:bookshelf":21,"beachparty:palm_fence":97,"brewery:bar_counter":10,"immersive_paintings:painting":6,"mcwbridges:oak_rail_bridge":122,"minecraft:yellow_stained_glass":2,"minecraft:iron_block":16,"minecraft:oak_stairs":277,"brewery:beer_barley":1,"mcwdoors:dark_oak_western_door":3,"alexsmobs:spawn_egg_devils_hole_pupfish":7,"brewery:silo_copper":2,"onlyhammersandexcavators:emerald_excavator":2,"minecraft:glowstone":154,"brewery:wall_cabinet":4,"alexsmobs:spawn_egg_blobfish":4,"securitycraft:reinforced_glass":13,"tombstone:gift":5,"minecraft:cooked_beef":5,"vinery:apple_press":2,"mcwbridges:rope_oak_bridge":62,"onlyhammersandexcavators:obsidian_hammer":3,"biomesoplenty:jacaranda_door":2,"minecraft:water_bucket":2788,"mcwbridges:iron_bridge":59,"vinery:window":72,"minecraft:dark_oak_hanging_sign":3,"minecraft:lime_wool":6,"vinery:apple_bag":3,"vinery:cristel_wine":1,"moa_decor_art:esculturalavictoriodesamotracia":3,"minecraft:beacon":7,"minecraft:glow_ink_sac":3,"minecraft:spruce_fence_gate":3,"vinery:mellohi_wine":30,"brewery:beer_wheat":1,"fairylights:paper_lantern":4,"vinery:oak_lattice":1,"vinery:wandering_winemaker_spawn_egg":1,"minecraft:polished_deepslate_slab":2,"connectedglass:clear_glass":90,"minecraft:oak_slab":6,"minecraft:crafting_table":4,"friendsandfoes:oxidized_lightning_rod":2,"vinery:oak_wine_rack_small":14,"minecraft:white_bed":2,"moa_decor_art:silladedirector":19,"vinery:cherry_bag":4,"minecraft:painting":5,"minecraft:spruce_log":53,"moa_decor_art:esculturajesuscrucificado":5,"minecraft:dark_oak_door":5,"minecraft:oak_log":453,"minecraft:piston":100,"vinery:white_grape_bag":4,"vinery:fermentation_barrel":1,"minecraft:spruce_trapdoor":2,"moa_decor_art:esculturavenusdemilo":3,"brewery:beer_mug":2,"moa_decor_art:esculturadragonchino":5,"vinery:jo_special_mixture":6,"vinery:grapevine_pot":1,"minecraft:glass_pane":10,"minecraft:sea_pickle":95,"decorative_blocks:brazier":4,"mcwlights:iron_framed_torch":16,"minecraft:kelp":88,"vinery:lamroc_wine":2,"minecraft:smooth_stone":5016,"minecraft:splash_potion":29},"minecraft:picked_up":{"chococraft:loverly_gysahl_green":11,"simplehats:hatbag_rare":2,"onlyhammersandexcavators:emerald_excavator":2,"mcwlights:iron_framed_torch":3,"connectedglass:borderless_glass_pane":1,"minecraft:string":2,"brewery:beer_barley":1,"minecraft:smooth_stone_slab":1,"minecraft:oak_sign":1,"vinery:bottle_mojang_noir":12,"mysticalagriculture:inferium_essence":4,"minecraft:smooth_stone":1,"vinery:mellohi_wine":4,"minecraft:redstone_torch":3,"minecraft:written_book":1,"biomesoplenty:redwood_wood":143,"minecraft:torch":8,"vinery:solaris_wine":22,"tombstone:grave_dust":1,"vinery:eiswein":1,"minecraft:rotten_flesh":5,"biomesoplenty:redwood_fence":8,"farmersdelight:onion":23,"ecologics:coconut_log":13,"vinery:clark_wine":24,"minecraft:iron_bars":1,"minecraft:cobblestone":8,"minecraft:birch_log":5,"decorative_blocks:chandelier":1,"candlelight:spruce_chair":1,"occultism:datura_seeds":7,"minecraft:pink_petals":1,"minecraft:cooked_beef":5,"minecraft:repeater":9,"minecraft:water_bucket":2,"minecraft:andesite":3,"beachparty:palm_log":26,"minecraft:dirt":2617,"minecraft:bone":4,"chiselsandbits:chiseled_block":1,"minecraft:wheat_seeds":85,"simplehats:hatbag_uncommon":2,"swem:oat_seeds":61,"brewery:beer_hops":1,"patchouli:guide_book":14,"onlyhammersandexcavators:obsidian_hammer":2,"alexsmobs:animal_dictionary":9,"beachparty:palm_fence":49,"vinery:villagers_fright":17,"minecraft:crafting_table":3,"minecraft:allium":63,"minecraft:azure_bluet":194,"minecraft:splash_potion":1,"brewery:fried_chicken":1,"ecologics:seashell":1,"mcwbridges:pliers":1,"vinery:red_wine":22,"beachparty:seashell":1,"vinery:mead":3,"minecraft:beef":8,"minecraft:sugar_cane":31,"minecraft:chest":2,"knightlib:small_essence":9,"minecraft:lime_wool":1,"simplehats:hatbag_common":2,"minecraft:spruce_fence":1,"minecraft:stone_button":2,"minecraft:redstone":30,"biomesoplenty:redwood_planks":2,"minecraft:arrow":4,"vinery:kelp_cider":27,"swem:alfalfa_seeds":74,"minecraft:mutton":8,"moa_decor_art:esculturavenusdemilo":1,"minecraft:white_wool":4,"swem:timothy_seeds":86,"brewery:beer_haley":1,"minecraft:glow_ink_sac":1,"minecraft:leather":2,"doggytalents:rice_grains":94,"brewery:beer_wheat":1,"vinery:wine_bottle":1,"minecraft:red_carpet":1,"chococraft:gysahl_green":111,"chococraft:gold_gysahl":2,"minecraft:iron_ingot":2,"lightmanscurrency:coin_iron":6,"minecraft:gravel":3,"vinery:stal_wine":7,"chococraft:gysahl_green_seeds":67,"minecraft:white_bed":1,"minecraft:sea_lantern":1,"minecraft:leather_helmet":1,"lightmanscurrency:coin_copper":26,"minecraft:coal":23},"minecraft:mined":{"minecraft:grass_block":1469,"biomesoplenty:redwood_fence":8,"minecraft:azure_bluet":77,"chococraft:gysahl_green":29,"minecraft:chest":2,"minecraft:sugar_cane":6,"minecraft:wall_torch":1,"minecraft:birch_log":5,"minecraft:grass":196,"beachparty:palm_log":26,"biomesoplenty:clover":567,"minecraft:dirt":95,"minecraft:allium":12,"beachparty:palm_fence":49,"ecologics:coconut_log":13,"farmersdelight:wild_onions":10,"minecraft:andesite":3,"minecraft:stone":8,"biomesoplenty:redwood_planks":2,"minecraft:crafting_table":3,"biomesoplenty:huge_clover_petal":137,"biomesoplenty:yellow_autumn_leaves":2,"minecraft:coal_ore":23,"biomesoplenty:redwood_leaves":5,"biomesoplenty:redwood_wood":144},"minecraft:dropped":{"swem:star_worm_cobble":1,"occultism:datura_seeds":1,"minecraft:dirt":1,"farmersdelight:onion":1,"minecraft:wooden_sword":1,"minecraft:sand":1,"minecraft:white_wool":1,"swem:oat_seeds":1,"biomesoplenty:huge_clover_petal":1,"alexsmobs:animal_dictionary":8,"beachparty:seashell":1,"minecraft:lime_wool":1,"swem:alfalfa_seeds":2,"vinery:wine_bottle":1,"minecraft:azure_bluet":1,"minecraft:white_bed":2,"patchouli:guide_book":13,"swem:timothy_seeds":21,"minecraft:sea_lantern":1,"minecraft:coal_ore":1,"simplehats:hatbag_uncommon":1,"mysticalagriculture:inferium_essence":1,"doggytalents:rice_grains":6,"minecraft:iron_bars":1,"minecraft:splash_potion":1,"minecraft:water_bucket":2,"beachparty:sandwaves":1,"minecraft:wheat_seeds":6,"connectedglass:borderless_glass_pane":1,"minecraft:granite":2,"minecraft:smooth_stone":1,"candlelight:spruce_chair":1,"minecraft:string":2,"minecraft:pink_petals":1,"bettas:guppy_bucket":1,"minecraft:smooth_stone_slab":1,"mcwbridges:pliers":1,"onlyhammersandexcavators:emerald_excavator":3,"minecraft:stone":4,"minecraft:spruce_planks":64,"minecraft:stone_bricks":1,"onlyhammersandexcavators:obsidian_hammer":3}},"DataVersion":3465}