{"stats":{"minecraft:picked_up":{"occultism:datura_seeds":4,"swem:timothy_seeds":21,"minecraft:allium":3,"minecraft:azure_bluet":38,"minecraft:splash_potion":1,"minecraft:repeater":9,"minecraft:water_bucket":2,"minecraft:glow_ink_sac":1,"onlyhammersandexcavators:emerald_excavator":2,"ecologics:seashell":1,"doggytalents:rice_grains":31,"mcwlights:iron_framed_torch":2,"mcwbridges:pliers":1,"connectedglass:borderless_glass_pane":1,"minecraft:string":2,"minecraft:smooth_stone_slab":1,"beachparty:seashell":1,"chococraft:gysahl_green":7,"minecraft:wheat_seeds":24,"minecraft:smooth_stone":1,"minecraft:iron_ingot":2,"minecraft:redstone_torch":3,"swem:oat_seeds":19,"minecraft:sugar_cane":3,"knightlib:small_essence":3,"minecraft:lime_wool":1,"patchouli:guide_book":7,"onlyhammersandexcavators:obsidian_hammer":2,"minecraft:torch":7,"minecraft:gravel":3,"minecraft:spruce_fence":1,"minecraft:stone_button":2,"chococraft:gysahl_green_seeds":5,"minecraft:redstone":30,"minecraft:sea_lantern":1,"alexsmobs:animal_dictionary":7,"farmersdelight:onion":3,"swem:alfalfa_seeds":25,"minecraft:iron_bars":1},"minecraft:dropped":{"minecraft:water_bucket":2,"biomesoplenty:huge_clover_petal":1,"beachparty:sandwaves":1,"swem:star_worm_cobble":1,"bettas:guppy_bucket":1,"occultism:datura_seeds":1,"minecraft:wheat_seeds":6,"alexsmobs:animal_dictionary":7,"minecraft:smooth_stone_slab":1,"beachparty:seashell":1,"minecraft:lime_wool":1,"mcwbridges:pliers":1,"swem:alfalfa_seeds":2,"onlyhammersandexcavators:emerald_excavator":3,"connectedglass:borderless_glass_pane":1,"minecraft:granite":2,"minecraft:azure_bluet":1,"patchouli:guide_book":7,"minecraft:dirt":1,"swem:timothy_seeds":7,"minecraft:sea_lantern":1,"minecraft:stone":4,"minecraft:spruce_planks":64,"minecraft:coal_ore":1,"farmersdelight:onion":1,"minecraft:stone_bricks":1,"doggytalents:rice_grains":6,"minecraft:iron_bars":1,"onlyhammersandexcavators:obsidian_hammer":3,"minecraft:smooth_stone":1,"minecraft:string":2,"minecraft:white_wool":1,"minecraft:splash_potion":1,"swem:oat_seeds":1},"minecraft:custom":{"minecraft:mob_kills":1,"minecraft:bell_ring":1,"minecraft:leave_game":14,"minecraft:time_since_death":684402,"minecraft:time_since_rest":684402,"minecraft:sprint_one_cm":32777,"minecraft:walk_one_cm":329555,"minecraft:drop":73,"minecraft:damage_dealt":222,"minecraft:interact_with_beacon":11,"minecraft:swim_one_cm":3999,"minecraft:fly_one_cm":4203604,"minecraft:crouch_one_cm":19713,"minecraft:play_time":684402,"minecraft:sneak_time":25684,"minecraft:walk_under_water_one_cm":734904,"minecraft:interact_with_lectern":2,"minecraft:jump":544,"minecraft:walk_on_water_one_cm":376798,"minecraft:total_world_time":684402},"minecraft:used":{"minecraft:water_bucket":2788,"mcwbridges:stone_brick_bridge":164,"mcwbridges:iron_bridge":59,"biomesoplenty:clover":2,"minecraft:diorite":28,"minecraft:spruce_door":5,"minecraft:polished_deepslate":12,"additional_lights:standing_torch_l_sandstone":10,"minecraft:red_concrete":243,"minecraft:red_stained_glass":1,"minecraft:spruce_slab":225,"minecraft:redstone":149,"minecraft:lime_wool":6,"minecraft:oak_planks":236,"minecraft:spruce_planks":698,"minecraft:oak_sign":4,"minecraft:ender_pearl":3,"biomesoplenty:webbing":3,"moa_decor_art:esculturalavictoriodesamotracia":3,"beachparty:sandwaves":1,"minecraft:sandstone":34,"minecraft:stone":2599,"minecraft:bell":1,"minecraft:beacon":7,"minecraft:glow_ink_sac":3,"mcwlights:iron_chandelier":1,"cozy_home:dark_oak_chair":2,"fairylights:paper_lantern":4,"minecraft:white_wool":80,"minecraft:torch":36,"connectedglass:clear_glass":52,"minecraft:polished_deepslate_slab":2,"minecraft:dirt":541,"minecraft:sand":1574,"moa_decor_art:esculturaeldiscobolo":4,"moa_decor_art:esculturabuda":3,"minecraft:spruce_stairs":170,"moa_decor_art:esculturachacmool":5,"minecraft:sponge":29,"mcwbridges:andesite_bridge":11,"minecraft:stone_brick_wall":78,"minecraft:granite":1,"minecraft:spruce_fence":84,"minecraft:spruce_log":53,"moa_decor_art:esculturajesuscrucificado":5,"minecraft:stripped_spruce_log":8,"minecraft:dark_oak_door":5,"minecraft:milk_bucket":3,"minecraft:polished_deepslate_stairs":3,"minecraft:oak_log":178,"minecraft:redstone_torch":40,"minecraft:sticky_piston":19,"minecraft:piston":100,"minecraft:stone_brick_slab":20,"immersive_paintings:painting":3,"minecraft:sea_lantern":90,"minecraft:red_wool":10,"minecraft:iron_block":16,"moa_decor_art:esculturaeldavid":4,"mcwbridges:iron_bridge_stair":36,"moa_decor_art:esculturaelpensador":4,"minecraft:yellow_stained_glass":2,"minecraft:lantern":45,"mcwbridges:oak_rail_bridge":122,"minecraft:oak_stairs":93,"minecraft:grass_block":4813,"minecraft:copper_ore":1,"minecraft:stone_button":22,"minecraft:lectern":1,"beachparty:seashell":3,"minecraft:gravel":84,"minecraft:stone_brick_stairs":212,"minecraft:stone_bricks":2461,"connectedglass:borderless_glass_pane":88,"moa_decor_art:esculturadragonchino":5,"additional_lights:fire_pit_l_stone_bricks":4,"moa_decor_art:esculturavenusdemilo":3,"minecraft:repeater":60,"minecraft:glowstone":29,"onlyhammersandexcavators:emerald_excavator":2,"minecraft:red_carpet":358,"minecraft:white_stained_glass":1,"minecraft:chain":36,"mcwbridges:oak_bridge_pier":990,"minecraft:smooth_stone_slab":1881,"mcwlights:iron_framed_torch":5,"minecraft:white_concrete":373,"minecraft:writable_book":2,"mcwbridges:rope_oak_bridge":62,"minecraft:splash_potion":29,"mcwbridges:bridge_lantern":5,"minecraft:smooth_stone":4898,"chipped:glass_dark_oak_door":2,"moa_decor_art:esculturamujerconjarra":4,"onlyhammersandexcavators:obsidian_hammer":3,"mcwbridges:stone_bridge_pier":55,"minecraft:iron_bars":296},"minecraft:killed":{"bettas:crystalshrimp":1}},"DataVersion":3465}