{"stats":{"minecraft:dropped":{"minecraft:water_bucket":2,"beachparty:sandwaves":1,"swem:star_worm_cobble":1,"occultism:datura_seeds":1,"minecraft:wheat_seeds":6,"connectedglass:borderless_glass_pane":1,"minecraft:granite":2,"minecraft:dirt":1,"farmersdelight:onion":1,"minecraft:smooth_stone":1,"candlelight:spruce_chair":1,"minecraft:string":2,"minecraft:white_wool":1,"swem:oat_seeds":1,"biomesoplenty:huge_clover_petal":1,"bettas:guppy_bucket":1,"alexsmobs:animal_dictionary":7,"minecraft:smooth_stone_slab":1,"beachparty:seashell":1,"minecraft:lime_wool":1,"mcwbridges:pliers":1,"swem:alfalfa_seeds":2,"onlyhammersandexcavators:emerald_excavator":3,"vinery:wine_bottle":1,"minecraft:azure_bluet":1,"patchouli:guide_book":12,"swem:timothy_seeds":7,"minecraft:sea_lantern":1,"minecraft:stone":4,"simplehats:hatbag_uncommon":1,"minecraft:spruce_planks":64,"minecraft:coal_ore":1,"minecraft:stone_bricks":1,"doggytalents:rice_grains":6,"onlyhammersandexcavators:obsidian_hammer":3,"minecraft:iron_bars":1,"minecraft:splash_potion":1},"minecraft:used":{"chipped:glass_dark_oak_door":2,"minecraft:iron_bars":296,"biomesoplenty:clover":2,"minecraft:writable_book":2,"mcwbridges:stone_brick_bridge":311,"brewery:wooden_brewingstation":1,"minecraft:enchanting_table":3,"minecraft:polished_deepslate":12,"candlelight:dark_oak_chair":17,"vinery:red_wine":1,"brewery:mashed_potatoes":3,"additional_lights:standing_torch_l_sandstone":10,"minecraft:red_concrete":243,"minecraft:spruce_slab":260,"minecraft:redstone":149,"candlelight:spruce_chair":23,"minecraft:oak_sign":6,"minecraft:spruce_planks":976,"minecraft:chest":17,"beachparty:sandwaves":1,"minecraft:stone":2599,"brewery:breathalyzer":6,"vinery:villagers_fright":3,"vinery:aegis_wine":8,"minecraft:bell":1,"mcwlights:iron_chandelier":4,"cozy_home:dark_oak_chair":2,"vinery:strad_wine":4,"vinery:mead":10,"vinery:oak_wine_rack_big":22,"additional_lights:al_lamp_dark_oak_planks":7,"minecraft:torch":58,"vinery:jellie_wine":6,"vinery:clark_wine":2,"minecraft:dirt":541,"brewery:beer_hops":6,"moa_decor_art:esculturaeldiscobolo":4,"moa_decor_art:esculturabuda":3,"vinery:eiswein":13,"minecraft:spruce_stairs":422,"mcwbridges:andesite_bridge":11,"minecraft:spruce_fence":123,"minecraft:granite":1,"vinery:glowing_wine":11,"minecraft:stripped_spruce_log":8,"minecraft:milk_bucket":3,"minecraft:polished_deepslate_stairs":3,"mcwlights:dark_oak_ceiling_fan_light":3,"minecraft:stone_brick_slab":26,"brewery:table":12,"herbalbrews:tea_leaf_crate":3,"minecraft:sea_lantern":104,"vinery:bottle_mojang_noir":2,"minecraft:yellow_stained_glass":2,"minecraft:bookshelf":21,"mcwbridges:oak_rail_bridge":122,"minecraft:grass_block":4846,"brewery:bar_counter":10,"immersive_paintings:painting":6,"minecraft:red_wool":10,"minecraft:lantern":45,"minecraft:iron_block":16,"minecraft:oak_stairs":277,"brewery:beer_barley":1,"mcwdoors:dark_oak_western_door":3,"another_furniture:red_sofa":11,"minecraft:copper_ore":1,"alexsmobs:spawn_egg_devils_hole_pupfish":7,"vinery:chenet_wine":2,"brewery:silo_copper":2,"vinery:knulp_wine":5,"minecraft:stone_brick_stairs":406,"minecraft:stone_bricks":2927,"connectedglass:borderless_glass_pane":88,"mcwlights:oak_tiki_torch":6,"minecraft:spruce_hanging_sign":4,"minecraft:repeater":60,"brewery:beer_haley":1,"onlyhammersandexcavators:emerald_excavator":2,"minecraft:glowstone":64,"minecraft:red_carpet":1377,"vinery:vinery_standard":4,"brewery:wall_cabinet":4,"securitycraft:reinforced_glass":13,"alexsmobs:spawn_egg_giant_squid":1,"refurbished_furniture:oak_table":23,"vinery:apple_press":2,"moa_decor_art:esculturamujerconjarra":4,"mcwbridges:rope_oak_bridge":62,"onlyhammersandexcavators:obsidian_hammer":3,"brewery:beer_elemental_spawn_egg":1,"dawnoftimebuilder:iron_fancy_lantern":49,"biomesoplenty:jacaranda_door":2,"minecraft:water_bucket":2788,"minecraft:diorite":28,"mcwbridges:iron_bridge":59,"mcwbridges:stone_bridge_pier":55,"minecraft:spruce_door":5,"vinery:window":72,"minecraft:dark_oak_hanging_sign":3,"minecraft:red_stained_glass":1,"minecraft:lime_wool":6,"minecraft:oak_planks":475,"vinery:cristel_wine":1,"vinery:apple_bag":3,"minecraft:ender_pearl":11,"moa_decor_art:esculturalavictoriodesamotracia":3,"biomesoplenty:webbing":3,"minecraft:sandstone":34,"alexsmobs:spawn_egg_anaconda":3,"vinery:solaris_wine":2,"minecraft:beacon":7,"minecraft:blue_bed":1,"minecraft:glow_ink_sac":3,"minecraft:spruce_fence_gate":3,"chipped:raster_yellow_stained_glass_pane":32,"vinery:mellohi_wine":30,"brewery:beer_wheat":1,"fairylights:paper_lantern":4,"vinery:oak_lattice":1,"minecraft:white_wool":80,"elevatorid:elevator_white":2,"vinery:wandering_winemaker_spawn_egg":1,"minecraft:polished_deepslate_slab":2,"brewery:barrel_main":1,"connectedglass:clear_glass":90,"minecraft:sand":1574,"minecraft:oak_slab":6,"friendsandfoes:oxidized_lightning_rod":2,"vinery:oak_wine_rack_small":14,"moa_decor_art:esculturachacmool":5,"minecraft:sponge":29,"moa_decor_art:silladedirector":19,"vinery:cherry_bag":4,"minecraft:stone_brick_wall":143,"minecraft:painting":5,"decorative_blocks:chandelier":1,"minecraft:spruce_log":53,"moa_decor_art:esculturajesuscrucificado":5,"minecraft:dark_oak_door":5,"vinery:stal_wine":8,"minecraft:redstone_torch":40,"minecraft:oak_log":453,"minecraft:sticky_piston":19,"minecraft:piston":100,"vinery:white_grape_bag":4,"moa_decor_art:esculturaeldavid":4,"mcwbridges:iron_bridge_stair":36,"moa_decor_art:esculturaelpensador":4,"vinery:kelp_cider":2,"minecraft:stone_button":22,"minecraft:lectern":1,"dawnoftimebuilder:iron_column":141,"vinery:fermentation_barrel":1,"minecraft:spruce_trapdoor":2,"furniture:spruce_desk":1,"beachparty:seashell":3,"beachparty:tiki_chair":5,"minecraft:gravel":85,"brewery:bench":3,"alexsmobs:spawn_egg_caiman":5,"additional_lights:fire_pit_l_stone_bricks":9,"minecraft:jungle_sign":18,"moa_decor_art:esculturavenusdemilo":3,"brewery:beer_mug":2,"moa_decor_art:esculturadragonchino":5,"minecraft:wooden_sword":22,"vinery:jo_special_mixture":6,"minecraft:white_stained_glass":1,"vinery:grapevine_pot":1,"minecraft:glass_pane":10,"minecraft:chain":36,"mcwbridges:oak_bridge_pier":990,"minecraft:smooth_stone_slab":2317,"minecraft:sea_pickle":95,"decorative_blocks:brazier":4,"minecraft:white_concrete":373,"mcwlights:iron_framed_torch":16,"minecraft:kelp":88,"vinery:lamroc_wine":2,"minecraft:bone_meal":480,"minecraft:splash_potion":29,"mcwbridges:bridge_lantern":5,"minecraft:smooth_stone":5016,"moa_decor_electronics:camara_seguridad_frontal":2},"minecraft:custom":{"minecraft:mob_kills":3,"minecraft:bell_ring":1,"minecraft:leave_game":15,"minecraft:time_since_death":902126,"minecraft:sprint_one_cm":51316,"minecraft:walk_one_cm":515175,"minecraft:drop":81,"minecraft:talked_to_villager":2,"minecraft:play_time":902126,"minecraft:sneak_time":33052,"minecraft:walk_under_water_one_cm":900476,"minecraft:interact_with_lectern":2,"minecraft:jump":804,"minecraft:walk_on_water_one_cm":415398,"minecraft:total_world_time":902126,"minecraft:sleep_in_bed":1,"minecraft:time_since_rest":183338,"minecraft:damage_dealt":1200,"minecraft:interact_with_beacon":11,"minecraft:swim_one_cm":8610,"minecraft:fly_one_cm":5510433,"minecraft:open_chest":2,"minecraft:crouch_one_cm":31347},"minecraft:killed":{"vinery:wandering_winemaker":1,"bettas:crystalshrimp":1,"brewery:beer_elemental":1},"minecraft:picked_up":{"minecraft:allium":3,"minecraft:azure_bluet":38,"minecraft:splash_potion":1,"simplehats:hatbag_rare":1,"brewery:fried_chicken":1,"onlyhammersandexcavators:emerald_excavator":2,"ecologics:seashell":1,"mcwlights:iron_framed_torch":3,"mcwbridges:pliers":1,"connectedglass:borderless_glass_pane":1,"minecraft:string":2,"brewery:beer_barley":1,"minecraft:smooth_stone_slab":1,"minecraft:oak_sign":1,"beachparty:seashell":1,"vinery:red_wine":22,"vinery:bottle_mojang_noir":12,"vinery:mead":3,"minecraft:smooth_stone":1,"minecraft:redstone_torch":3,"vinery:mellohi_wine":4,"minecraft:sugar_cane":3,"knightlib:small_essence":9,"minecraft:lime_wool":1,"simplehats:hatbag_common":1,"minecraft:torch":7,"vinery:solaris_wine":22,"minecraft:spruce_fence":1,"minecraft:stone_button":2,"minecraft:redstone":30,"vinery:eiswein":1,"vinery:kelp_cider":27,"farmersdelight:onion":3,"swem:alfalfa_seeds":25,"vinery:clark_wine":24,"minecraft:iron_bars":1,"moa_decor_art:esculturavenusdemilo":1,"candlelight:spruce_chair":1,"decorative_blocks:chandelier":1,"occultism:datura_seeds":4,"swem:timothy_seeds":21,"brewery:beer_haley":1,"minecraft:repeater":9,"minecraft:glow_ink_sac":1,"minecraft:water_bucket":2,"doggytalents:rice_grains":31,"brewery:beer_wheat":1,"vinery:wine_bottle":1,"minecraft:red_carpet":1,"chococraft:gysahl_green":7,"minecraft:wheat_seeds":24,"minecraft:iron_ingot":2,"simplehats:hatbag_uncommon":2,"swem:oat_seeds":19,"brewery:beer_hops":1,"patchouli:guide_book":12,"onlyhammersandexcavators:obsidian_hammer":2,"minecraft:gravel":3,"vinery:stal_wine":7,"chococraft:gysahl_green_seeds":5,"minecraft:sea_lantern":1,"alexsmobs:animal_dictionary":7,"vinery:villagers_fright":17}},"DataVersion":3465}