{"stats":{"minecraft:killed":{"bettas:crystalshrimp":1},"minecraft:custom":{"minecraft:mob_kills":1,"minecraft:bell_ring":1,"minecraft:leave_game":14,"minecraft:time_since_death":761548,"minecraft:sprint_one_cm":35929,"minecraft:walk_one_cm":392409,"minecraft:drop":75,"minecraft:play_time":761548,"minecraft:sneak_time":27298,"minecraft:walk_under_water_one_cm":734904,"minecraft:interact_with_lectern":2,"minecraft:jump":622,"minecraft:walk_on_water_one_cm":376798,"minecraft:total_world_time":761548,"minecraft:sleep_in_bed":1,"minecraft:time_since_rest":42760,"minecraft:damage_dealt":222,"minecraft:interact_with_beacon":11,"minecraft:swim_one_cm":3999,"minecraft:fly_one_cm":4434166,"minecraft:crouch_one_cm":23839},"minecraft:used":{"chipped:glass_dark_oak_door":2,"biomesoplenty:clover":2,"minecraft:enchanting_table":3,"mcwbridges:stone_brick_bridge":164,"minecraft:writable_book":2,"minecraft:iron_bars":296,"minecraft:polished_deepslate":12,"candlelight:dark_oak_chair":17,"vinery:red_wine":1,"additional_lights:standing_torch_l_sandstone":10,"minecraft:red_concrete":243,"minecraft:spruce_slab":255,"minecraft:redstone":149,"candlelight:spruce_chair":18,"minecraft:oak_sign":4,"minecraft:spruce_planks":701,"minecraft:chest":4,"beachparty:sandwaves":1,"minecraft:stone":2599,"vinery:villagers_fright":3,"vinery:aegis_wine":8,"minecraft:bell":1,"mcwlights:iron_chandelier":4,"cozy_home:dark_oak_chair":2,"vinery:strad_wine":4,"vinery:mead":10,"vinery:oak_wine_rack_big":22,"minecraft:torch":43,"vinery:jellie_wine":6,"vinery:clark_wine":2,"minecraft:dirt":541,"moa_decor_art:esculturaeldiscobolo":4,"moa_decor_art:esculturabuda":3,"vinery:eiswein":13,"minecraft:spruce_stairs":170,"mcwbridges:andesite_bridge":11,"minecraft:spruce_fence":84,"minecraft:granite":1,"vinery:glowing_wine":11,"minecraft:stripped_spruce_log":8,"minecraft:milk_bucket":3,"mcwlights:dark_oak_ceiling_fan_light":3,"minecraft:polished_deepslate_stairs":3,"minecraft:stone_brick_slab":20,"minecraft:sea_lantern":90,"vinery:bottle_mojang_noir":2,"minecraft:bookshelf":21,"minecraft:lantern":45,"immersive_paintings:painting":3,"minecraft:red_wool":10,"mcwbridges:oak_rail_bridge":122,"minecraft:yellow_stained_glass":2,"minecraft:iron_block":16,"minecraft:grass_block":4813,"minecraft:oak_stairs":107,"mcwdoors:dark_oak_western_door":3,"minecraft:copper_ore":1,"vinery:chenet_wine":2,"vinery:knulp_wine":5,"minecraft:stone_brick_stairs":406,"minecraft:stone_bricks":2562,"connectedglass:borderless_glass_pane":88,"minecraft:spruce_hanging_sign":2,"onlyhammersandexcavators:emerald_excavator":2,"minecraft:glowstone":64,"minecraft:red_carpet":358,"minecraft:repeater":60,"vinery:vinery_standard":4,"vinery:apple_press":2,"refurbished_furniture:oak_table":23,"moa_decor_art:esculturamujerconjarra":4,"mcwbridges:rope_oak_bridge":62,"onlyhammersandexcavators:obsidian_hammer":3,"minecraft:water_bucket":2788,"mcwbridges:iron_bridge":59,"minecraft:diorite":28,"vinery:window":40,"mcwbridges:stone_bridge_pier":55,"minecraft:spruce_door":5,"minecraft:red_stained_glass":1,"minecraft:lime_wool":6,"minecraft:oak_planks":378,"vinery:cristel_wine":1,"minecraft:ender_pearl":3,"moa_decor_art:esculturalavictoriodesamotracia":3,"biomesoplenty:webbing":3,"minecraft:sandstone":34,"vinery:solaris_wine":2,"minecraft:blue_bed":1,"minecraft:beacon":7,"minecraft:glow_ink_sac":3,"vinery:mellohi_wine":30,"fairylights:paper_lantern":4,"vinery:oak_lattice":1,"minecraft:white_wool":80,"minecraft:polished_deepslate_slab":2,"connectedglass:clear_glass":90,"minecraft:sand":1574,"minecraft:oak_slab":6,"vinery:oak_wine_rack_small":14,"moa_decor_art:esculturachacmool":5,"minecraft:sponge":29,"minecraft:stone_brick_wall":92,"decorative_blocks:chandelier":1,"minecraft:spruce_log":53,"moa_decor_art:esculturajesuscrucificado":5,"minecraft:dark_oak_door":5,"vinery:stal_wine":8,"minecraft:redstone_torch":40,"minecraft:oak_log":329,"minecraft:sticky_piston":19,"minecraft:piston":100,"moa_decor_art:esculturaeldavid":4,"mcwbridges:iron_bridge_stair":36,"moa_decor_art:esculturaelpensador":4,"vinery:kelp_cider":2,"minecraft:stone_button":22,"minecraft:lectern":1,"minecraft:spruce_trapdoor":1,"beachparty:seashell":3,"minecraft:gravel":84,"additional_lights:fire_pit_l_stone_bricks":4,"moa_decor_art:esculturavenusdemilo":3,"moa_decor_art:esculturadragonchino":5,"vinery:jo_special_mixture":6,"minecraft:white_stained_glass":1,"minecraft:chain":36,"mcwbridges:oak_bridge_pier":990,"minecraft:smooth_stone_slab":1881,"decorative_blocks:brazier":4,"minecraft:white_concrete":373,"mcwlights:iron_framed_torch":5,"vinery:lamroc_wine":2,"moa_decor_electronics:camara_seguridad_frontal":2,"mcwbridges:bridge_lantern":5,"minecraft:smooth_stone":4898,"minecraft:splash_potion":29},"minecraft:picked_up":{"minecraft:allium":3,"minecraft:azure_bluet":38,"minecraft:splash_potion":1,"simplehats:hatbag_rare":1,"onlyhammersandexcavators:emerald_excavator":2,"ecologics:seashell":1,"mcwlights:iron_framed_torch":2,"mcwbridges:pliers":1,"connectedglass:borderless_glass_pane":1,"minecraft:string":2,"minecraft:smooth_stone_slab":1,"beachparty:seashell":1,"vinery:red_wine":22,"vinery:bottle_mojang_noir":12,"vinery:mead":2,"minecraft:smooth_stone":1,"vinery:mellohi_wine":4,"minecraft:redstone_torch":3,"minecraft:sugar_cane":3,"knightlib:small_essence":9,"minecraft:lime_wool":1,"simplehats:hatbag_common":1,"vinery:solaris_wine":22,"minecraft:spruce_fence":1,"minecraft:torch":7,"minecraft:stone_button":2,"minecraft:redstone":30,"vinery:eiswein":1,"vinery:kelp_cider":27,"farmersdelight:onion":3,"swem:alfalfa_seeds":25,"vinery:clark_wine":24,"minecraft:iron_bars":1,"decorative_blocks:chandelier":1,"occultism:datura_seeds":4,"swem:timothy_seeds":21,"minecraft:repeater":9,"minecraft:glow_ink_sac":1,"minecraft:water_bucket":2,"doggytalents:rice_grains":31,"vinery:wine_bottle":1,"chococraft:gysahl_green":7,"minecraft:wheat_seeds":24,"minecraft:iron_ingot":2,"simplehats:hatbag_uncommon":1,"swem:oat_seeds":19,"patchouli:guide_book":8,"onlyhammersandexcavators:obsidian_hammer":2,"minecraft:gravel":3,"vinery:stal_wine":7,"chococraft:gysahl_green_seeds":5,"minecraft:sea_lantern":1,"alexsmobs:animal_dictionary":7,"vinery:villagers_fright":17},"minecraft:dropped":{"minecraft:water_bucket":2,"beachparty:sandwaves":1,"swem:star_worm_cobble":1,"occultism:datura_seeds":1,"minecraft:wheat_seeds":6,"connectedglass:borderless_glass_pane":1,"minecraft:granite":2,"minecraft:dirt":1,"farmersdelight:onion":1,"minecraft:smooth_stone":1,"minecraft:string":2,"minecraft:white_wool":1,"swem:oat_seeds":1,"biomesoplenty:huge_clover_petal":1,"bettas:guppy_bucket":1,"alexsmobs:animal_dictionary":7,"beachparty:seashell":1,"minecraft:smooth_stone_slab":1,"minecraft:lime_wool":1,"mcwbridges:pliers":1,"swem:alfalfa_seeds":2,"onlyhammersandexcavators:emerald_excavator":3,"vinery:wine_bottle":1,"minecraft:azure_bluet":1,"patchouli:guide_book":8,"swem:timothy_seeds":7,"minecraft:sea_lantern":1,"minecraft:stone":4,"minecraft:spruce_planks":64,"minecraft:coal_ore":1,"minecraft:stone_bricks":1,"doggytalents:rice_grains":6,"onlyhammersandexcavators:obsidian_hammer":3,"minecraft:iron_bars":1,"minecraft:splash_potion":1}},"DataVersion":3465}