{"stats":{"minecraft:used":{"mcwbridges:stone_brick_bridge":367,"minecraft:writable_book":2,"minecraft:polished_deepslate":12,"vinery:red_wine":1,"candlelight:dark_oak_chair":17,"chiselsandbits:chiseled_block":1,"minecraft:spruce_slab":260,"minecraft:oak_sign":6,"minecraft:chest":27,"minecraft:shield":5,"minecraft:stone":2739,"minecraft:iron_sword":6,"vinery:villagers_fright":3,"minecraft:rotten_flesh":8,"minecraft:bell":1,"vinery:mead":10,"cozy_home:dark_oak_chair":2,"vinery:strad_wine":4,"minecraft:iron_chestplate":1,"vinery:jellie_wine":6,"vinery:clark_wine":2,"moa_decor_art:esculturaeldiscobolo":4,"biomesoplenty:redwood_fence":217,"vinery:eiswein":13,"mcwbridges:andesite_bridge":11,"minecraft:tuff":1,"vinery:glowing_wine":11,"minecraft:stripped_spruce_log":8,"minecraft:milk_bucket":3,"minecraft:polished_deepslate_stairs":3,"mcwlights:dark_oak_ceiling_fan_light":3,"herbalbrews:tea_leaf_crate":3,"vinery:bottle_mojang_noir":2,"minecraft:grass_block":4846,"minecraft:red_wool":10,"minecraft:lantern":45,"minecraft:copper_ore":1,"another_furniture:red_sofa":11,"vinery:chenet_wine":2,"vinery:knulp_wine":5,"onlyhammersandexcavators:stone_hammer":6823,"minecraft:stone_brick_stairs":406,"minecraft:stone_bricks":2935,"connectedglass:borderless_glass_pane":88,"mcwlights:oak_tiki_torch":6,"minecraft:spruce_hanging_sign":4,"brewery:beer_haley":1,"minecraft:repeater":60,"minecraft:red_carpet":1377,"vinery:vinery_standard":4,"minecraft:written_book":2,"minecraft:furnace":1,"alexsmobs:spawn_egg_giant_squid":1,"refurbished_furniture:oak_table":23,"brewery:beer_elemental_spawn_egg":1,"moa_decor_art:esculturamujerconjarra":4,"dawnoftimebuilder:iron_fancy_lantern":49,"minecraft:diorite":28,"mcwbridges:stone_bridge_pier":55,"minecraft:spruce_door":5,"biomesoplenty:redwood_fence_gate":2,"minecraft:red_stained_glass":1,"minecraft:stone_pickaxe":371,"minecraft:oak_planks":476,"minecraft:ender_pearl":11,"biomesoplenty:webbing":3,"minecraft:wooden_pickaxe":60,"minecraft:sandstone":34,"alexsmobs:spawn_egg_anaconda":5,"vinery:solaris_wine":2,"minecraft:blue_bed":1,"chipped:raster_yellow_stained_glass_pane":32,"minecraft:white_wool":80,"elevatorid:elevator_white":2,"brewery:barrel_main":1,"minecraft:sand":1577,"alexsmobs:spawn_egg_mimic_octopus":3,"onlyhammersandexcavators:stone_excavator":839,"moa_decor_art:esculturachacmool":5,"minecraft:sponge":29,"minecraft:stone_brick_wall":143,"decorative_blocks:chandelier":1,"vinery:stal_wine":8,"minecraft:redstone_torch":40,"minecraft:sticky_piston":19,"moa_decor_art:esculturaeldavid":4,"mcwbridges:iron_bridge_stair":36,"moa_decor_art:esculturaelpensador":4,"alexsmobs:spawn_egg_alligator_snapping_turtle":3,"vinery:kelp_cider":2,"minecraft:stone_button":22,"minecraft:lectern":1,"dawnoftimebuilder:iron_column":141,"beachparty:seashell":3,"beachparty:tiki_chair":5,"minecraft:gravel":92,"furniture:spruce_desk":1,"brewery:bench":3,"alexsmobs:spawn_egg_frilled_shark":25,"minecraft:jungle_sign":18,"additional_lights:fire_pit_l_stone_bricks":9,"alexsmobs:spawn_egg_caiman":5,"minecraft:wooden_sword":42,"minecraft:white_stained_glass":1,"minecraft:andesite":1,"minecraft:chain":36,"mcwbridges:oak_bridge_pier":990,"minecraft:smooth_stone_slab":2317,"chococraft:gysahl_green":95,"minecraft:white_concrete":373,"minecraft:bone_meal":480,"mcwbridges:bridge_lantern":5,"moa_decor_electronics:camara_seguridad_frontal":2,"chipped:glass_dark_oak_door":2,"biomesoplenty:clover":2,"minecraft:iron_bars":296,"brewery:wooden_brewingstation":1,"minecraft:enchanting_table":3,"minecraft:stone_sword":26,"biomesoplenty:redwood_door":2,"brewery:mashed_potatoes":3,"additional_lights:standing_torch_l_sandstone":10,"biomesoplenty:redwood_planks":92,"minecraft:red_concrete":243,"minecraft:stone_shovel":187,"minecraft:redstone":149,"candlelight:spruce_chair":23,"minecraft:spruce_planks":977,"beachparty:sandwaves":1,"brewery:breathalyzer":6,"minecraft:wooden_shovel":63,"vinery:aegis_wine":8,"mcwlights:iron_chandelier":4,"vinery:oak_wine_rack_big":22,"minecraft:torch":140,"additional_lights:al_lamp_dark_oak_planks":7,"brewery:beer_hops":6,"minecraft:dirt":1001,"minecraft:anvil":3,"moa_decor_art:esculturabuda":3,"minecraft:spruce_stairs":422,"onlyhammersandexcavators:wooden_excavator":2188,"minecraft:spruce_fence":123,"minecraft:granite":18,"minecraft:stone_brick_slab":26,"minecraft:wooden_axe":219,"brewery:table":12,"beachparty:palm_planks":1,"minecraft:sea_lantern":104,"beachparty:palm_fence":97,"minecraft:bookshelf":21,"brewery:bar_counter":10,"immersive_paintings:painting":6,"minecraft:iron_axe":12,"mcwbridges:oak_rail_bridge":122,"minecraft:yellow_stained_glass":2,"minecraft:iron_block":16,"minecraft:oak_stairs":277,"brewery:beer_barley":1,"mcwdoors:dark_oak_western_door":3,"alexsmobs:spawn_egg_devils_hole_pupfish":7,"minecraft:iron_boots":1,"brewery:silo_copper":2,"minecraft:glowstone":154,"onlyhammersandexcavators:emerald_excavator":2,"brewery:wall_cabinet":4,"alexsmobs:spawn_egg_blobfish":4,"securitycraft:reinforced_glass":13,"tombstone:gift":5,"hamsters:hamster":2,"minecraft:cooked_beef":5,"vinery:apple_press":2,"minecraft:iron_leggings":1,"mcwbridges:rope_oak_bridge":62,"onlyhammersandexcavators:obsidian_hammer":3,"minecraft:cooked_mutton":4,"biomesoplenty:jacaranda_door":2,"minecraft:water_bucket":2807,"mcwbridges:iron_bridge":59,"vinery:window":72,"minecraft:dark_oak_hanging_sign":3,"minecraft:birch_planks":2,"minecraft:lime_wool":6,"vinery:cristel_wine":1,"vinery:apple_bag":3,"moa_decor_art:esculturalavictoriodesamotracia":3,"minecraft:glow_ink_sac":3,"minecraft:beacon":7,"minecraft:spruce_fence_gate":3,"vinery:mellohi_wine":30,"brewery:beer_wheat":1,"fairylights:paper_lantern":4,"vinery:oak_lattice":1,"vinery:wandering_winemaker_spawn_egg":1,"minecraft:polished_deepslate_slab":2,"farmersdelight:onion":1,"connectedglass:clear_glass":90,"minecraft:oak_slab":6,"minecraft:crafting_table":8,"friendsandfoes:oxidized_lightning_rod":2,"vinery:oak_wine_rack_small":14,"minecraft:white_bed":2,"moa_decor_art:silladedirector":19,"vinery:cherry_bag":4,"minecraft:painting":5,"minecraft:spruce_log":53,"moa_decor_art:esculturajesuscrucificado":5,"minecraft:dark_oak_door":5,"minecraft:oak_log":453,"minecraft:piston":100,"vinery:white_grape_bag":4,"chococraft:gysahl_green_seeds":29,"minecraft:iron_pickaxe":243,"vinery:fermentation_barrel":1,"minecraft:spruce_trapdoor":2,"moa_decor_art:esculturavenusdemilo":3,"brewery:beer_mug":2,"minecraft:cobblestone":149,"moa_decor_art:esculturadragonchino":5,"vinery:jo_special_mixture":6,"vinery:grapevine_pot":1,"minecraft:bucket":20,"minecraft:glass_pane":10,"decorative_blocks:brazier":4,"minecraft:sea_pickle":95,"vinery:lamroc_wine":2,"mcwlights:iron_framed_torch":16,"minecraft:kelp":88,"minecraft:splash_potion":29,"minecraft:smooth_stone":5016},"minecraft:picked_up":{"minecraft:wooden_axe":1,"chococraft:loverly_gysahl_green":16,"simplehats:hatbag_rare":2,"onlyhammersandexcavators:emerald_excavator":2,"aether:iron_gloves":1,"mcwlights:iron_framed_torch":3,"connectedglass:borderless_glass_pane":1,"minecraft:string":2,"minecraft:raw_copper":176,"minecraft:smooth_stone_slab":1,"biomesoplenty:yellow_autumn_sapling":1,"brewery:beer_barley":1,"minecraft:oak_sign":1,"vinery:bottle_mojang_noir":12,"minecraft:cobbled_deepslate":3,"mysticalagriculture:inferium_essence":127,"minecraft:smooth_stone":1,"minecraft:bucket":1,"minecraft:redstone_torch":3,"vinery:mellohi_wine":4,"minecraft:written_book":1,"biomesoplenty:redwood_wood":143,"minecraft:furnace":1,"minecraft:torch":12,"vinery:solaris_wine":22,"minecraft:diorite":320,"tombstone:grave_dust":3,"vinery:eiswein":1,"minecraft:stone_sword":3,"minecraft:rotten_flesh":17,"biomesoplenty:redwood_fence":8,"farmersdelight:onion":23,"ecologics:coconut_log":13,"vinery:clark_wine":24,"minecraft:iron_bars":1,"minecraft:cobblestone":4550,"minecraft:magma_block":1,"decorative_blocks:chandelier":1,"minecraft:birch_log":5,"candlelight:spruce_chair":1,"minecraft:pink_petals":1,"occultism:datura_seeds":7,"minecraft:repeater":9,"minecraft:cooked_beef":5,"minecraft:water_bucket":2,"minecraft:andesite":722,"swem:star_worm":36,"beachparty:palm_log":26,"minecraft:flint":8,"minecraft:tuff":2,"minecraft:lapis_lazuli":106,"minecraft:dirt":3584,"minecraft:bone":10,"chiselsandbits:chiseled_block":1,"minecraft:wheat_seeds":86,"minecraft:raw_gold":9,"simplehats:hatbag_uncommon":2,"swem:oat_seeds":63,"brewery:beer_hops":1,"patchouli:guide_book":14,"onlyhammersandexcavators:obsidian_hammer":2,"alexsmobs:animal_dictionary":9,"beachparty:palm_fence":49,"minecraft:granite":817,"vinery:villagers_fright":17,"minecraft:crafting_table":6,"minecraft:allium":63,"minecraft:azure_bluet":213,"minecraft:splash_potion":1,"brewery:fried_chicken":1,"ecologics:seashell":1,"occultism:raw_silver":46,"mcwbridges:pliers":1,"beachparty:seashell":1,"vinery:red_wine":22,"vinery:mead":3,"minecraft:beef":8,"minecraft:sugar_cane":41,"minecraft:chest":2,"knightlib:small_essence":11,"minecraft:lime_wool":1,"minecraft:raw_iron":47,"simplehats:hatbag_common":2,"minecraft:spruce_fence":1,"minecraft:stone_button":2,"minecraft:redstone":48,"biomesoplenty:redwood_planks":2,"minecraft:arrow":9,"vinery:kelp_cider":27,"vinery:white_grape_seeds":2,"swem:alfalfa_seeds":77,"minecraft:mutton":8,"moa_decor_art:esculturavenusdemilo":1,"minecraft:white_wool":4,"swem:timothy_seeds":88,"brewery:beer_haley":1,"minecraft:glow_ink_sac":1,"minecraft:leather":2,"doggytalents:rice_grains":96,"minecraft:oak_log":7,"brewery:beer_wheat":1,"minecraft:red_carpet":1,"vinery:wine_bottle":1,"chococraft:gysahl_green":191,"chococraft:gold_gysahl":3,"minecraft:iron_ingot":7,"lightmanscurrency:coin_iron":24,"minecraft:gravel":131,"vinery:stal_wine":7,"chococraft:gysahl_green_seeds":96,"minecraft:white_bed":1,"minecraft:sea_lantern":1,"minecraft:leather_helmet":1,"lightmanscurrency:coin_copper":55,"biomesoplenty:maple_sapling":1,"minecraft:coal":87},"minecraft:dropped":{"swem:star_worm_cobble":1,"occultism:datura_seeds":1,"minecraft:dirt":1,"farmersdelight:onion":1,"minecraft:wooden_sword":1,"minecraft:sand":1,"minecraft:white_wool":1,"swem:oat_seeds":1,"biomesoplenty:huge_clover_petal":1,"minecraft:stone_axe":1,"alexsmobs:animal_dictionary":8,"onlyhammersandexcavators:stone_hammer":1,"beachparty:seashell":1,"minecraft:lime_wool":1,"swem:alfalfa_seeds":2,"vinery:wine_bottle":1,"minecraft:rotten_flesh":4,"occultism:raw_silver":1,"minecraft:azure_bluet":1,"minecraft:white_bed":2,"patchouli:guide_book":13,"swem:timothy_seeds":21,"minecraft:sea_lantern":1,"onlyhammersandexcavators:stone_excavator":1,"minecraft:coal_ore":1,"simplehats:hatbag_uncommon":1,"mysticalagriculture:inferium_essence":24,"doggytalents:rice_grains":6,"minecraft:iron_bars":1,"minecraft:splash_potion":1,"minecraft:water_bucket":2,"beachparty:sandwaves":1,"minecraft:wheat_seeds":6,"connectedglass:borderless_glass_pane":1,"minecraft:granite":2,"minecraft:smooth_stone":1,"candlelight:spruce_chair":1,"minecraft:string":2,"minecraft:pink_petals":1,"bettas:guppy_bucket":1,"minecraft:stone_sword":2,"minecraft:smooth_stone_slab":1,"minecraft:tuff":1,"minecraft:raw_iron":20,"mcwbridges:pliers":1,"onlyhammersandexcavators:emerald_excavator":3,"biomesoplenty:redwood_planks":1,"minecraft:stone":4,"minecraft:spruce_planks":64,"minecraft:stone_bricks":1,"onlyhammersandexcavators:obsidian_hammer":3,"minecraft:stone_pickaxe":1},"minecraft:broken":{"minecraft:wooden_shovel":1,"minecraft:stone_pickaxe":2,"onlyhammersandexcavators:wooden_excavator":6,"minecraft:wooden_axe":3,"minecraft:stone_shovel":1,"minecraft:leather_helmet":1,"onlyhammersandexcavators:stone_excavator":1,"minecraft:wooden_pickaxe":1,"onlyhammersandexcavators:stone_hammer":9},"minecraft:mined":{"minecraft:granite":818,"minecraft:grass_block":1718,"mysticalagriculture:inferium_ore":25,"minecraft:magma_block":2,"minecraft:iron_ore":28,"biomesoplenty:redwood_fence":8,"minecraft:deepslate_lapis_ore":9,"minecraft:azure_bluet":96,"chococraft:gysahl_green":58,"minecraft:deepslate_redstone_ore":4,"minecraft:chest":2,"swem:star_worm_cobble":9,"minecraft:cobblestone":31,"minecraft:sugar_cane":11,"minecraft:wall_torch":1,"minecraft:birch_log":5,"biomesoplenty:maple_leaves":2,"minecraft:grass":221,"biomesoplenty:clover":668,"beachparty:palm_log":26,"minecraft:oak_log":7,"minecraft:dirt":815,"minecraft:deepslate":4,"minecraft:allium":12,"beachparty:palm_fence":49,"occultism:silver_ore_deepslate":5,"ecologics:coconut_log":13,"farmersdelight:wild_onions":10,"minecraft:furnace":1,"minecraft:andesite":721,"minecraft:deepslate_iron_ore":3,"minecraft:stone":4568,"biomesoplenty:redwood_planks":2,"minecraft:crafting_table":6,"minecraft:copper_ore":53,"minecraft:lapis_ore":9,"biomesoplenty:huge_clover_petal":145,"minecraft:deepslate_gold_ore":3,"minecraft:diorite":320,"biomesoplenty:yellow_autumn_leaves":2,"minecraft:coal_ore":87,"biomesoplenty:redwood_leaves":5,"minecraft:gravel":132,"minecraft:gold_ore":6,"biomesoplenty:redwood_wood":144},"minecraft:custom":{"minecraft:interact_with_crafting_table":71,"minecraft:open_barrel":6,"minecraft:bell_ring":1,"minecraft:eat_cake_slice":8,"minecraft:leave_game":26,"minecraft:time_since_death":75928,"minecraft:sprint_one_cm":397075,"minecraft:damage_blocked_by_shield":270,"minecraft:drop":102,"minecraft:talked_to_villager":3,"minecraft:play_time":1156461,"minecraft:deaths":3,"minecraft:jump":3713,"minecraft:walk_on_water_one_cm":487312,"minecraft:interact_with_furnace":46,"minecraft:sleep_in_bed":5,"minecraft:damage_dealt":3441,"minecraft:interact_with_beacon":11,"minecraft:crouch_one_cm":73473,"tombstone:undead_killed":9,"minecraft:horse_one_cm":61091,"minecraft:mob_kills":17,"minecraft:interact_with_anvil":3,"minecraft:walk_one_cm":1421664,"minecraft:damage_dealt_absorbed":40,"minecraft:sneak_time":49029,"minecraft:walk_under_water_one_cm":1076322,"minecraft:interact_with_lectern":3,"minecraft:total_world_time":1156461,"minecraft:time_since_rest":73822,"minecraft:damage_taken":2199,"minecraft:swim_one_cm":96508,"minecraft:fly_one_cm":6520498,"minecraft:open_chest":108,"minecraft:fall_one_cm":57857},"minecraft:killed":{"minecraft:skeleton":3,"bettas:crystalshrimp":1,"minecraft:sheep":2,"minecraft:zombie":6,"minecraft:cow":2,"alexsmobs:raccoon":1,"vinery:wandering_winemaker":1,"brewery:beer_elemental":1},"minecraft:crafted":{"minecraft:oak_planks":28,"minecraft:cooked_mutton":4,"minecraft:iron_boots":1,"minecraft:chest":8,"beachparty:palm_fence":48,"onlyhammersandexcavators:stone_hammer":11,"minecraft:wooden_shovel":1,"minecraft:crafting_table":2,"minecraft:wooden_pickaxe":1,"minecraft:iron_helmet":1,"minecraft:birch_planks":8,"minecraft:iron_chestplate":1,"minecraft:shield":1,"minecraft:stick":280,"minecraft:iron_ingot":26,"minecraft:iron_pickaxe":1,"minecraft:stone_sword":1,"minecraft:wooden_sword":1,"minecraft:stone_shovel":2,"ecologics:coconut_planks":52,"minecraft:furnace":1,"minecraft:iron_axe":1,"minecraft:stone_pickaxe":4,"beachparty:palm_planks":104,"biomesoplenty:redwood_door":3,"biomesoplenty:redwood_planks":512,"biomesoplenty:redwood_fence":207,"minecraft:iron_sword":1,"biomesoplenty:redwood_fence_gate":2,"minecraft:stone_axe":1,"minecraft:air":0,"onlyhammersandexcavators:wooden_excavator":6,"onlyhammersandexcavators:stone_excavator":2,"minecraft:wooden_axe":4,"minecraft:iron_leggings":1,"minecraft:torch":80}},"DataVersion":3465}