{"stats":{"minecraft:killed":{"minecraft:sheep":2,"minecraft:cow":6},"minecraft:crafted":{"sophisticatedbackpacks:backpack":1,"minecraft:crafting_table":1,"minecraft:wooden_pickaxe":1,"minecraft:stone_axe":1,"minecraft:bread":7,"minecraft:string":8,"minecraft:stick":16,"minecraft:stone_pickaxe":1,"minecraft:stone_sword":1,"minecraft:chest":2,"minecraft:torch":32,"beachparty:palm_planks":32},"minecraft:custom":{"lootr:looted_stat":67,"minecraft:interact_with_furnace":3,"minecraft:mob_kills":8,"minecraft:interact_with_crafting_table":9,"minecraft:tune_noteblock":1,"minecraft:leave_game":4,"minecraft:time_since_death":111920,"minecraft:sleep_in_bed":3,"minecraft:climb_one_cm":3166,"minecraft:time_since_rest":29122,"minecraft:sprint_one_cm":234227,"minecraft:damage_taken":429,"minecraft:walk_one_cm":412652,"minecraft:drop":7,"minecraft:damage_dealt":973,"minecraft:swim_one_cm":63846,"minecraft:fly_one_cm":152708,"minecraft:open_chest":3,"minecraft:crouch_one_cm":1812,"minecraft:play_time":111920,"minecraft:sneak_time":1206,"minecraft:walk_under_water_one_cm":5373,"minecraft:jump":874,"minecraft:walk_on_water_one_cm":10829,"minecraft:interact_with_smoker":2,"minecraft:total_world_time":111920,"minecraft:fall_one_cm":15088},"minecraft:used":{"beachparty:coconut":6,"minecraft:stone_sword":2,"minecraft:stone_pickaxe":90,"minecraft:wooden_pickaxe":3,"minecraft:green_bed":1,"minecraft:torch":1,"minecraft:crafting_table":4,"minecraft:bread":16,"beachparty:palm_log":3,"minecraft:stone_axe":58,"chococraft:gysahl_green":13,"alexsmobs:animal_dictionary":1},"minecraft:picked_up":{"irons_spellbooks:scroll":1,"chococraft:loverly_gysahl_green":2,"minecraft:crafting_table":4,"minecraft:andesite":8,"minecraft:leather":5,"minecraft:potato":22,"beachparty:palm_log":13,"minecraft:brewing_stand":1,"beachparty:coconut":6,"minecraft:dirt":8,"minecraft:lantern":1,"chococraft:gysahl_green":67,"beachparty:coconut_open":5,"mysticalagriculture:inferium_essence":3,"minecraft:beef":13,"swem:oat_seeds":1,"minecraft:sugar_cane":55,"minecraft:book":123,"ecologics:coconut_slice":44,"minecraft:torch":1,"minecraft:green_bed":3,"beachparty:palm_sapling":1,"chococraft:gysahl_green_seeds":28,"minecraft:carrot":65,"minecraft:soul_lantern":1,"minecraft:bread":1,"minecraft:coal":46,"minecraft:mutton":2,"minecraft:white_wool":2,"minecraft:cobblestone":22},"minecraft:mined":{"beachparty:palm_leaves":1,"minecraft:brewing_stand":1,"minecraft:crafting_table":4,"minecraft:grass_block":3,"biomesoplenty:huge_clover_petal":4,"minecraft:sugar_cane":23,"minecraft:wall_torch":1,"minecraft:pink_petals":1,"beachparty:coconut_hanging":4,"minecraft:carrots":18,"ecologics:seashell":1,"minecraft:wheat":2,"chococraft:gysahl_green":30,"biomesoplenty:clover":1,"minecraft:grass":2,"beachparty:palm_log":13,"minecraft:bookshelf":41,"minecraft:potatoes":7,"minecraft:coal_ore":46,"beachparty:coconut_block":1,"minecraft:dirt":5,"minecraft:stone":24,"minecraft:green_bed":3},"minecraft:dropped":{"minecraft:bread":2,"perfectplushies:raccoon_plushie":1,"minecraft:carrot":3,"minecraft:emerald":13,"irons_spellbooks:scroll":1,"swem:oat_seeds":1}},"DataVersion":3465}