{"stats":{"minecraft:used":{"perfectplushies:dolphin_plushie":1,"beachparty:coconut":6,"minecraft:stone_sword":189,"minecraft:stone_shovel":135,"minecraft:chest":8,"minecraft:shield":18,"lootr:trophy":1,"minecraft:torch":42,"minecraft:dirt":93,"minecraft:anvil":2,"perfectplushies:frog_plushie":2,"perfectplushies:cat_plushie":1,"beachparty:palm_planks":2,"minecraft:lantern":1,"minecraft:iron_helmet":1,"minecraft:furnace":3,"minecraft:oak_sapling":8,"tombstone:gift":1,"minecraft:pumpkin":1,"minecraft:mossy_stone_bricks":1,"minecraft:baked_potato":27,"minecraft:stone_pickaxe":153,"etched:radio":2,"minecraft:wooden_pickaxe":3,"minecraft:sandstone":1,"biomesoplenty:flowering_oak_sapling":3,"minecraft:green_bed":3,"minecraft:sand":38,"camping:small_backpack":10,"minecraft:crafting_table":13,"minecraft:blast_furnace":2,"minecraft:smoker":1,"minecraft:apple":1,"minecraft:bread":104,"minecraft:iron_pickaxe":166,"minecraft:leather_helmet":1,"beachparty:seashell":1,"beachparty:palm_log":3,"biomesoplenty:toadstool":1,"minecraft:stone_axe":145,"minecraft:cobblestone":12,"minecraft:grindstone":2,"minecraft:pumpkin_pie":1,"chococraft:gysahl_green":13,"minecraft:oak_boat":5,"alexsmobs:animal_dictionary":1},"minecraft:picked_up":{"irons_spellbooks:scroll":1,"minecraft:crafting_table":12,"chococraft:loverly_gysahl_green":2,"simplehats:hatbag_rare":1,"minecraft:anvil":2,"croptopia:tomatillo_seed":2,"minecraft:pink_wool":1,"minecraft:wither_rose":12,"minecraft:gold_block":1,"minecraft:chain":2,"minecraft:brewing_stand":1,"beachparty:coconut":6,"perfectplushies:frog_plushie":2,"minecraft:string":14,"minecraft:iron_leggings":1,"beachparty:seashell":1,"beachparty:coconut_open":5,"mysticalagriculture:inferium_essence":25,"minecraft:gold_nugget":3,"etched:radio":2,"minecraft:beef":32,"simplehats:beanie":2,"minecraft:oak_boat":5,"minecraft:melon_slice":73,"minecraft:sugar_cane":55,"minecraft:phantom_membrane":1,"knightlib:small_essence":10,"minecraft:furnace":2,"minecraft:lime_wool":2,"minecraft:stick":7,"minecraft:raw_iron":21,"minecraft:sandstone":3,"simplehats:hatbag_common":6,"ecologics:coconut_slice":69,"minecraft:torch":4,"minecraft:green_bed":4,"simplehats:eyeholder_dark":1,"beachparty:palm_planks":2,"tombstone:grave_dust":9,"minecraft:carrot":65,"minecraft:redstone":1,"croptopia:grape":1,"minecraft:arrow":12,"simplehats:sport_sunglasses":1,"minecraft:rotten_flesh":21,"simplehats:burgerhat":1,"simplehats:swimmer":1,"ecologics:coconut_log":1,"swem:alfalfa_seeds":6,"minecraft:mutton":2,"minecraft:glow_berries":2,"minecraft:cobblestone":86,"minecraft:white_wool":2,"swem:timothy_seeds":3,"minecraft:magma_block":3,"minecraft:clock":1,"croptopia:radish":1,"simplehats:hat_of_discipline":1,"minecraft:water_bucket":1,"minecraft:andesite":8,"minecraft:leather":16,"doggytalents:rice_grains":7,"minecraft:smoker":1,"minecraft:potato":22,"croptopia:spinach":2,"simplehats:tophat":1,"beachparty:palm_log":13,"minecraft:oak_log":21,"minecraft:gunpowder":2,"lootr:trophy":1,"minecraft:dirt":123,"minecraft:lantern":2,"simplehats:hatbag_epic":1,"minecraft:hanging_roots":1,"minecraft:bone":8,"chococraft:gysahl_green":67,"minecraft:apple":2,"minecraft:wheat_seeds":4,"minecraft:grindstone":2,"minecraft:iron_ingot":1,"minecraft:mossy_stone_bricks":1,"simplehats:hatbag_uncommon":3,"artifacts:antidote_vessel":1,"lightmanscurrency:coin_iron":36,"swem:oat_seeds":3,"simplehats:pika_ears":1,"biomesoplenty:toadstool":1,"minecraft:book":198,"minecraft:pumpkin":1,"simplehats:sheep":1,"beachparty:palm_sapling":1,"minecraft:gravel":2,"minecraft:sand":38,"ecologics:coconut_husk":3,"chococraft:gysahl_green_seeds":28,"minecraft:blast_furnace":2,"croptopia:spinach_seed":3,"minecraft:spider_eye":1,"biomesoplenty:flowering_oak_sapling":4,"lightmanscurrency:coin_copper":127,"simplehats:binky":1,"minecraft:soul_lantern":1,"simplehats:thumbnail":1,"croptopia:radish_seed":2,"lightmanscurrency:coin_gold":3,"simplehats:angel_and_devil":1,"minecraft:bread":1,"camping:small_backpack":10,"minecraft:oak_sapling":10,"minecraft:coal":186},"minecraft:dropped":{"minecraft:water_bucket":1,"minecraft:iron_ingot":2,"minecraft:bread":2,"minecraft:leather":1,"perfectplushies:raccoon_plushie":1,"simplehats:tophat":1,"minecraft:emerald":13,"irons_spellbooks:scroll":1,"minecraft:dirt":1,"tombstone:grave_dust":2,"minecraft:chain":2,"minecraft:string":16,"minecraft:hanging_roots":1,"swem:oat_seeds":2,"minecraft:gold_ingot":1,"minecraft:gravel":2,"swem:alfalfa_seeds":2,"minecraft:rotten_flesh":1,"minecraft:carrot":3,"simplehats:thumbnail":1,"croptopia:tomatillo_seed":2,"simplehats:beanie":1},"minecraft:broken":{"minecraft:stone_sword":1,"minecraft:iron_leggings":1,"minecraft:stone_pickaxe":1,"minecraft:stone_axe":1,"aether:leather_gloves":1},"minecraft:mined":{"minecraft:oak_sapling":1,"minecraft:brewing_stand":1,"minecraft:ladder":1,"minecraft:grass_block":80,"minecraft:infested_cobblestone":1,"minecraft:sandstone":2,"mysticalagriculture:inferium_ore":6,"beachparty:coconut_hanging":4,"minecraft:magma_block":3,"minecraft:furnace":2,"minecraft:carrots":18,"minecraft:iron_ore":21,"minecraft:fire":5,"minecraft:pumpkin":1,"minecraft:anvil":2,"minecraft:gold_block":1,"chococraft:gysahl_green":30,"minecraft:bookshelf":66,"minecraft:potatoes":7,"minecraft:stone":93,"etched:radio":2,"minecraft:green_bed":4,"beachparty:palm_planks":2,"beachparty:palm_leaves":1,"minecraft:smoker":1,"minecraft:crafting_table":12,"minecraft:torch":3,"minecraft:blast_furnace":2,"minecraft:melon":16,"biomesoplenty:sprout":2,"biomesoplenty:huge_clover_petal":4,"minecraft:grindstone":2,"minecraft:sugar_cane":23,"camping:small_backpack":10,"minecraft:wall_torch":1,"croptopia:spinach_crop":1,"minecraft:pink_petals":1,"minecraft:chain":2,"perfectplushies:frog_plushie":2,"lootr:trophy":1,"ecologics:seashell":1,"minecraft:wheat":2,"minecraft:wither_rose":14,"biomesoplenty:clover":3,"minecraft:grass":19,"beachparty:palm_log":13,"minecraft:oak_log":21,"minecraft:coal_ore":147,"beachparty:coconut_block":1,"minecraft:gravel":5,"minecraft:sand":22,"minecraft:dirt":53,"minecraft:stone_bricks":1,"minecraft:mossy_stone_bricks":1,"minecraft:oak_leaves":5},"minecraft:custom":{"lootr:looted_stat":114,"minecraft:mob_kills":54,"minecraft:interact_with_crafting_table":36,"minecraft:open_shulker_box":11,"minecraft:leave_game":5,"minecraft:time_since_death":389556,"minecraft:climb_one_cm":7403,"minecraft:sprint_one_cm":1238072,"minecraft:walk_one_cm":1339079,"minecraft:damage_blocked_by_shield":855,"minecraft:drop":28,"minecraft:damage_dealt_absorbed":79,"minecraft:talked_to_villager":2,"minecraft:play_time":389556,"minecraft:sneak_time":4630,"minecraft:walk_under_water_one_cm":104552,"minecraft:boat_one_cm":20,"minecraft:jump":4194,"minecraft:interact_with_blast_furnace":1,"minecraft:walk_on_water_one_cm":108712,"minecraft:total_world_time":389556,"minecraft:interact_with_furnace":15,"tombstone:raider_killed":3,"minecraft:tune_noteblock":1,"minecraft:pot_flower":1,"minecraft:sleep_in_bed":8,"minecraft:time_since_rest":0,"minecraft:damage_taken":3877,"minecraft:damage_dealt":8199,"minecraft:swim_one_cm":763843,"minecraft:fly_one_cm":915700,"minecraft:open_chest":59,"minecraft:crouch_one_cm":10494,"tombstone:undead_killed":21,"minecraft:interact_with_smoker":3,"minecraft:fall_one_cm":77230},"minecraft:killed":{"minecraft:spider":3,"minecraft:phantom":2,"minecraft:skeleton":8,"minecraft:silverfish":1,"minecraft:drowned":3,"golems:golem":2,"minecraft:creeper":6,"minecraft:sheep":2,"minecraft:pillager":1,"minecraft:zombie":8,"minecraft:cow":16},"minecraft:crafted":{"minecraft:oak_door":3,"minecraft:oak_planks":84,"minecraft:stone_shovel":2,"minecraft:furnace":1,"minecraft:stone_pickaxe":1,"minecraft:chest":9,"beachparty:palm_planks":40,"sophisticatedbackpacks:iron_backpack":1,"sophisticatedbackpacks:backpack":1,"minecraft:crafting_table":2,"camping:small_backpack":1,"minecraft:wooden_pickaxe":1,"sophisticatedbackpacks:gold_backpack":1,"minecraft:stone_axe":2,"minecraft:bread":9,"minecraft:air":0,"minecraft:oak_boat":1,"minecraft:string":16,"minecraft:iron_chestplate":1,"minecraft:shield":1,"minecraft:stick":24,"minecraft:iron_ingot":21,"minecraft:iron_pickaxe":1,"minecraft:stone_sword":2,"minecraft:gold_ingot":9,"minecraft:torch":88}},"DataVersion":3465}