{"stats":{"minecraft:used":{"perfectplushies:dolphin_plushie":1,"beachparty:coconut":6,"minecraft:stone_sword":146,"minecraft:stone_shovel":100,"minecraft:chest":5,"minecraft:shield":13,"lootr:trophy":1,"minecraft:torch":41,"minecraft:dirt":52,"minecraft:anvil":2,"perfectplushies:frog_plushie":2,"beachparty:palm_planks":2,"minecraft:lantern":1,"minecraft:furnace":3,"minecraft:oak_sapling":6,"tombstone:gift":1,"minecraft:pumpkin":1,"minecraft:baked_potato":26,"minecraft:stone_pickaxe":153,"etched:radio":2,"minecraft:wooden_pickaxe":3,"minecraft:sandstone":1,"biomesoplenty:flowering_oak_sapling":2,"minecraft:green_bed":1,"minecraft:sand":38,"camping:small_backpack":10,"minecraft:crafting_table":9,"minecraft:blast_furnace":2,"minecraft:smoker":1,"minecraft:apple":1,"minecraft:bread":73,"minecraft:iron_pickaxe":115,"minecraft:leather_helmet":1,"beachparty:seashell":1,"beachparty:palm_log":3,"minecraft:stone_axe":124,"minecraft:cobblestone":3,"minecraft:grindstone":2,"minecraft:pumpkin_pie":1,"chococraft:gysahl_green":13,"minecraft:oak_boat":1,"alexsmobs:animal_dictionary":1},"minecraft:picked_up":{"irons_spellbooks:scroll":1,"minecraft:crafting_table":8,"chococraft:loverly_gysahl_green":2,"simplehats:hatbag_rare":1,"minecraft:anvil":2,"minecraft:pink_wool":1,"minecraft:chain":2,"minecraft:brewing_stand":1,"beachparty:coconut":6,"perfectplushies:frog_plushie":1,"minecraft:string":13,"minecraft:iron_leggings":1,"beachparty:seashell":1,"beachparty:coconut_open":5,"mysticalagriculture:inferium_essence":20,"etched:radio":2,"minecraft:beef":32,"simplehats:beanie":1,"minecraft:oak_boat":1,"minecraft:melon_slice":73,"minecraft:sugar_cane":55,"knightlib:small_essence":4,"minecraft:furnace":2,"minecraft:lime_wool":2,"minecraft:stick":6,"minecraft:raw_iron":21,"minecraft:sandstone":3,"simplehats:hatbag_common":4,"ecologics:coconut_slice":69,"minecraft:torch":4,"minecraft:green_bed":3,"simplehats:eyeholder_dark":1,"beachparty:palm_planks":2,"tombstone:grave_dust":3,"minecraft:carrot":65,"minecraft:redstone":1,"croptopia:grape":1,"minecraft:arrow":6,"simplehats:sport_sunglasses":1,"minecraft:rotten_flesh":9,"simplehats:swimmer":1,"ecologics:coconut_log":1,"swem:alfalfa_seeds":4,"minecraft:mutton":2,"minecraft:glow_berries":2,"minecraft:cobblestone":84,"minecraft:white_wool":2,"swem:timothy_seeds":3,"croptopia:radish":1,"simplehats:hat_of_discipline":1,"minecraft:water_bucket":1,"minecraft:andesite":8,"minecraft:leather":16,"doggytalents:rice_grains":7,"minecraft:smoker":1,"minecraft:potato":22,"croptopia:spinach":2,"simplehats:tophat":1,"beachparty:palm_log":13,"minecraft:oak_log":10,"lootr:trophy":1,"minecraft:dirt":81,"minecraft:lantern":2,"minecraft:bone":6,"chococraft:gysahl_green":67,"minecraft:apple":2,"minecraft:wheat_seeds":3,"minecraft:grindstone":2,"minecraft:iron_ingot":1,"simplehats:hatbag_uncommon":3,"lightmanscurrency:coin_iron":21,"swem:oat_seeds":2,"simplehats:pika_ears":1,"minecraft:book":198,"minecraft:pumpkin":1,"beachparty:palm_sapling":1,"minecraft:gravel":2,"minecraft:sand":38,"ecologics:coconut_husk":3,"chococraft:gysahl_green_seeds":28,"minecraft:blast_furnace":2,"croptopia:spinach_seed":3,"minecraft:spider_eye":1,"biomesoplenty:flowering_oak_sapling":3,"lightmanscurrency:coin_copper":64,"simplehats:binky":1,"minecraft:soul_lantern":1,"croptopia:radish_seed":2,"lightmanscurrency:coin_gold":3,"minecraft:bread":1,"camping:small_backpack":10,"minecraft:oak_sapling":8,"minecraft:coal":144},"minecraft:dropped":{"minecraft:water_bucket":1,"minecraft:iron_ingot":2,"minecraft:bread":2,"minecraft:leather":1,"perfectplushies:raccoon_plushie":1,"simplehats:tophat":1,"minecraft:emerald":13,"irons_spellbooks:scroll":1,"minecraft:chain":2,"minecraft:string":16,"swem:oat_seeds":1,"minecraft:gravel":2,"minecraft:rotten_flesh":1,"minecraft:carrot":3},"minecraft:broken":{"minecraft:stone_sword":1,"minecraft:iron_leggings":1,"minecraft:stone_pickaxe":1,"minecraft:stone_axe":1,"aether:leather_gloves":1},"minecraft:mined":{"minecraft:oak_sapling":1,"minecraft:brewing_stand":1,"minecraft:ladder":1,"minecraft:grass_block":72,"minecraft:sandstone":2,"mysticalagriculture:inferium_ore":6,"beachparty:coconut_hanging":4,"minecraft:furnace":2,"minecraft:carrots":18,"minecraft:iron_ore":21,"minecraft:pumpkin":1,"minecraft:anvil":2,"chococraft:gysahl_green":30,"minecraft:bookshelf":66,"minecraft:potatoes":7,"minecraft:stone":91,"etched:radio":2,"minecraft:green_bed":3,"beachparty:palm_planks":2,"beachparty:palm_leaves":1,"minecraft:smoker":1,"minecraft:crafting_table":8,"minecraft:torch":3,"minecraft:blast_furnace":2,"minecraft:melon":16,"biomesoplenty:sprout":1,"biomesoplenty:huge_clover_petal":4,"minecraft:grindstone":2,"minecraft:sugar_cane":23,"camping:small_backpack":10,"minecraft:wall_torch":1,"croptopia:spinach_crop":1,"minecraft:pink_petals":1,"minecraft:chain":2,"perfectplushies:frog_plushie":1,"lootr:trophy":1,"ecologics:seashell":1,"minecraft:wheat":2,"biomesoplenty:clover":3,"minecraft:grass":14,"beachparty:palm_log":13,"minecraft:oak_log":10,"minecraft:coal_ore":105,"beachparty:coconut_block":1,"minecraft:gravel":5,"minecraft:sand":22,"minecraft:dirt":19,"minecraft:oak_leaves":4},"minecraft:custom":{"lootr:looted_stat":101,"minecraft:mob_kills":39,"minecraft:interact_with_crafting_table":27,"minecraft:open_shulker_box":11,"minecraft:leave_game":5,"minecraft:time_since_death":329556,"minecraft:climb_one_cm":6495,"minecraft:sprint_one_cm":1028996,"minecraft:walk_one_cm":1118055,"minecraft:damage_blocked_by_shield":540,"minecraft:drop":19,"minecraft:damage_dealt_absorbed":79,"minecraft:talked_to_villager":1,"minecraft:play_time":329556,"minecraft:sneak_time":4087,"minecraft:walk_under_water_one_cm":104353,"minecraft:jump":3425,"minecraft:walk_on_water_one_cm":104632,"minecraft:total_world_time":329556,"minecraft:interact_with_furnace":15,"tombstone:raider_killed":1,"minecraft:tune_noteblock":1,"minecraft:pot_flower":1,"minecraft:sleep_in_bed":6,"minecraft:time_since_rest":106923,"minecraft:damage_taken":2839,"minecraft:damage_dealt":5851,"minecraft:swim_one_cm":761253,"minecraft:fly_one_cm":732635,"minecraft:open_chest":35,"minecraft:crouch_one_cm":9768,"tombstone:undead_killed":13,"minecraft:interact_with_smoker":3,"minecraft:fall_one_cm":59325},"minecraft:killed":{"minecraft:spider":2,"minecraft:skeleton":4,"minecraft:drowned":3,"golems:golem":2,"minecraft:creeper":2,"minecraft:sheep":2,"minecraft:pillager":1,"minecraft:zombie":6,"minecraft:cow":16},"minecraft:crafted":{"minecraft:oak_planks":40,"minecraft:stone_shovel":1,"minecraft:furnace":1,"minecraft:stone_pickaxe":1,"minecraft:chest":7,"beachparty:palm_planks":40,"sophisticatedbackpacks:iron_backpack":1,"sophisticatedbackpacks:backpack":1,"minecraft:crafting_table":1,"camping:small_backpack":1,"minecraft:wooden_pickaxe":1,"minecraft:stone_axe":1,"minecraft:bread":9,"minecraft:air":0,"minecraft:string":16,"minecraft:iron_chestplate":1,"minecraft:shield":1,"minecraft:stick":20,"minecraft:iron_ingot":21,"minecraft:iron_pickaxe":1,"minecraft:stone_sword":2,"minecraft:torch":88}},"DataVersion":3465}