{"stats":{"minecraft:killed":{"minecraft:sheep":2,"minecraft:cow":6},"minecraft:crafted":{"sophisticatedbackpacks:backpack":1,"minecraft:crafting_table":1,"minecraft:wooden_pickaxe":1,"minecraft:stone_axe":1,"minecraft:bread":7,"minecraft:string":8,"minecraft:stick":8,"minecraft:stone_pickaxe":1,"minecraft:stone_sword":1,"minecraft:chest":2,"beachparty:palm_planks":28},"minecraft:custom":{"lootr:looted_stat":56,"minecraft:interact_with_furnace":2,"minecraft:mob_kills":8,"minecraft:interact_with_crafting_table":9,"minecraft:tune_noteblock":1,"minecraft:leave_game":4,"minecraft:time_since_death":87920,"minecraft:sleep_in_bed":3,"minecraft:climb_one_cm":3166,"minecraft:time_since_rest":5122,"minecraft:sprint_one_cm":118537,"minecraft:damage_taken":245,"minecraft:walk_one_cm":284018,"minecraft:drop":5,"minecraft:damage_dealt":973,"minecraft:swim_one_cm":35110,"minecraft:fly_one_cm":89551,"minecraft:open_chest":3,"minecraft:crouch_one_cm":1812,"minecraft:play_time":87920,"minecraft:sneak_time":1168,"minecraft:walk_under_water_one_cm":3787,"minecraft:jump":510,"minecraft:walk_on_water_one_cm":3472,"minecraft:interact_with_smoker":1,"minecraft:total_world_time":87920,"minecraft:fall_one_cm":10003},"minecraft:used":{"beachparty:coconut":4,"minecraft:stone_sword":2,"minecraft:stone_pickaxe":60,"minecraft:wooden_pickaxe":3,"minecraft:green_bed":1,"minecraft:crafting_table":4,"minecraft:bread":6,"beachparty:palm_log":3,"minecraft:stone_axe":52,"chococraft:gysahl_green":13,"alexsmobs:animal_dictionary":1},"minecraft:picked_up":{"irons_spellbooks:scroll":1,"chococraft:loverly_gysahl_green":2,"minecraft:crafting_table":4,"minecraft:andesite":8,"minecraft:leather":5,"minecraft:potato":22,"beachparty:palm_log":13,"minecraft:brewing_stand":1,"beachparty:coconut":4,"minecraft:dirt":8,"minecraft:lantern":1,"chococraft:gysahl_green":67,"beachparty:coconut_open":4,"mysticalagriculture:inferium_essence":3,"minecraft:beef":13,"minecraft:sugar_cane":55,"minecraft:book":108,"ecologics:coconut_slice":10,"minecraft:green_bed":3,"beachparty:palm_sapling":1,"chococraft:gysahl_green_seeds":28,"minecraft:carrot":65,"minecraft:soul_lantern":1,"minecraft:bread":1,"minecraft:coal":19,"minecraft:mutton":2,"minecraft:white_wool":2,"minecraft:cobblestone":22},"minecraft:mined":{"beachparty:palm_leaves":1,"minecraft:brewing_stand":1,"minecraft:crafting_table":4,"minecraft:grass_block":3,"biomesoplenty:huge_clover_petal":4,"minecraft:sugar_cane":23,"minecraft:pink_petals":1,"beachparty:coconut_hanging":4,"minecraft:carrots":18,"ecologics:seashell":1,"minecraft:wheat":2,"chococraft:gysahl_green":30,"biomesoplenty:clover":1,"minecraft:grass":1,"beachparty:palm_log":13,"minecraft:bookshelf":36,"minecraft:potatoes":7,"minecraft:coal_ore":19,"minecraft:dirt":5,"minecraft:stone":22,"minecraft:green_bed":3},"minecraft:dropped":{"minecraft:bread":2,"perfectplushies:raccoon_plushie":1,"minecraft:carrot":3,"irons_spellbooks:scroll":1}},"DataVersion":3465}