{"stats":{"minecraft:killed":{"minecraft:sheep":2,"minecraft:cow":2},"minecraft:crafted":{"minecraft:crafting_table":1,"minecraft:stick":8,"minecraft:wooden_pickaxe":1,"minecraft:stone_pickaxe":1,"minecraft:stone_sword":1,"minecraft:stone_axe":1,"minecraft:bread":7,"beachparty:palm_planks":12},"minecraft:custom":{"minecraft:time_since_rest":12773,"minecraft:interact_with_furnace":1,"lootr:looted_stat":49,"minecraft:sprint_one_cm":72924,"minecraft:damage_taken":125,"minecraft:walk_one_cm":205570,"minecraft:mob_kills":4,"minecraft:drop":3,"minecraft:damage_dealt":573,"minecraft:tune_noteblock":1,"minecraft:interact_with_crafting_table":5,"minecraft:swim_one_cm":22536,"minecraft:fly_one_cm":67921,"minecraft:open_chest":3,"minecraft:crouch_one_cm":1729,"minecraft:play_time":69920,"minecraft:sneak_time":1146,"minecraft:walk_under_water_one_cm":881,"minecraft:jump":382,"minecraft:leave_game":4,"minecraft:walk_on_water_one_cm":1807,"minecraft:time_since_death":69920,"minecraft:sleep_in_bed":1,"minecraft:climb_one_cm":1576,"minecraft:total_world_time":69920,"minecraft:fall_one_cm":8538},"minecraft:used":{"minecraft:bread":2,"minecraft:stone_pickaxe":59,"minecraft:wooden_pickaxe":3,"minecraft:green_bed":1,"beachparty:palm_log":3,"minecraft:stone_axe":28,"minecraft:crafting_table":2,"alexsmobs:animal_dictionary":1,"chococraft:gysahl_green":13},"minecraft:picked_up":{"minecraft:crafting_table":2,"chococraft:loverly_gysahl_green":2,"minecraft:leather":2,"beachparty:palm_sapling":1,"minecraft:green_bed":2,"minecraft:potato":22,"beachparty:palm_log":13,"chococraft:gysahl_green_seeds":28,"minecraft:brewing_stand":1,"beachparty:coconut":4,"minecraft:carrot":65,"minecraft:dirt":8,"chococraft:gysahl_green":67,"mysticalagriculture:inferium_essence":1,"minecraft:beef":4,"minecraft:bread":1,"minecraft:sugar_cane":52,"minecraft:mutton":2,"minecraft:coal":19,"minecraft:white_wool":2,"minecraft:cobblestone":22,"minecraft:book":60},"minecraft:mined":{"beachparty:coconut_hanging":4,"minecraft:pink_petals":1,"minecraft:carrots":18,"ecologics:seashell":1,"beachparty:palm_leaves":1,"minecraft:wheat":2,"minecraft:brewing_stand":1,"minecraft:crafting_table":2,"minecraft:potatoes":7,"minecraft:bookshelf":20,"minecraft:grass":1,"beachparty:palm_log":13,"biomesoplenty:clover":1,"chococraft:gysahl_green":30,"minecraft:grass_block":3,"minecraft:coal_ore":19,"minecraft:dirt":5,"biomesoplenty:huge_clover_petal":4,"minecraft:stone":22,"minecraft:sugar_cane":22,"minecraft:green_bed":2},"minecraft:dropped":{"minecraft:bread":2,"minecraft:carrot":3}},"DataVersion":3465}