{"stats":{"minecraft:used":{"perfectplushies:dolphin_plushie":1,"beachparty:coconut":6,"minecraft:stone_sword":108,"minecraft:stone_shovel":74,"minecraft:chest":5,"minecraft:shield":4,"lootr:trophy":1,"minecraft:torch":41,"minecraft:dirt":42,"minecraft:anvil":2,"perfectplushies:frog_plushie":2,"beachparty:palm_planks":2,"minecraft:lantern":1,"minecraft:furnace":3,"minecraft:oak_sapling":5,"minecraft:pumpkin":1,"minecraft:baked_potato":5,"minecraft:stone_pickaxe":153,"etched:radio":2,"minecraft:wooden_pickaxe":3,"biomesoplenty:flowering_oak_sapling":2,"minecraft:green_bed":1,"camping:small_backpack":10,"minecraft:crafting_table":9,"minecraft:blast_furnace":2,"minecraft:smoker":1,"minecraft:apple":1,"minecraft:bread":73,"minecraft:iron_pickaxe":115,"minecraft:leather_helmet":1,"beachparty:palm_log":3,"minecraft:stone_axe":124,"minecraft:cobblestone":3,"minecraft:grindstone":2,"minecraft:pumpkin_pie":1,"chococraft:gysahl_green":13,"alexsmobs:animal_dictionary":1},"minecraft:picked_up":{"irons_spellbooks:scroll":1,"minecraft:crafting_table":8,"chococraft:loverly_gysahl_green":2,"minecraft:anvil":2,"minecraft:chain":2,"minecraft:brewing_stand":1,"beachparty:coconut":6,"perfectplushies:frog_plushie":1,"minecraft:string":13,"minecraft:iron_leggings":1,"beachparty:coconut_open":5,"mysticalagriculture:inferium_essence":19,"etched:radio":2,"minecraft:beef":32,"minecraft:melon_slice":73,"minecraft:sugar_cane":55,"knightlib:small_essence":1,"minecraft:furnace":2,"minecraft:stick":6,"minecraft:raw_iron":21,"minecraft:sandstone":2,"simplehats:hatbag_common":1,"ecologics:coconut_slice":68,"minecraft:torch":3,"minecraft:green_bed":3,"simplehats:eyeholder_dark":1,"beachparty:palm_planks":2,"tombstone:grave_dust":2,"minecraft:carrot":65,"croptopia:grape":1,"simplehats:sport_sunglasses":1,"minecraft:rotten_flesh":7,"swem:alfalfa_seeds":4,"minecraft:mutton":2,"minecraft:glow_berries":2,"minecraft:cobblestone":84,"minecraft:white_wool":2,"swem:timothy_seeds":3,"croptopia:radish":1,"minecraft:water_bucket":1,"minecraft:andesite":8,"minecraft:leather":16,"doggytalents:rice_grains":3,"minecraft:smoker":1,"minecraft:potato":22,"croptopia:spinach":2,"simplehats:tophat":1,"beachparty:palm_log":13,"minecraft:oak_log":10,"lootr:trophy":1,"minecraft:dirt":71,"minecraft:lantern":2,"chococraft:gysahl_green":67,"minecraft:apple":2,"minecraft:wheat_seeds":3,"minecraft:grindstone":2,"minecraft:iron_ingot":1,"simplehats:hatbag_uncommon":3,"lightmanscurrency:coin_iron":10,"swem:oat_seeds":2,"simplehats:pika_ears":1,"minecraft:book":198,"minecraft:pumpkin":1,"beachparty:palm_sapling":1,"minecraft:gravel":2,"minecraft:sand":4,"chococraft:gysahl_green_seeds":28,"minecraft:blast_furnace":2,"croptopia:spinach_seed":3,"minecraft:spider_eye":1,"biomesoplenty:flowering_oak_sapling":3,"lightmanscurrency:coin_copper":41,"minecraft:soul_lantern":1,"croptopia:radish_seed":2,"minecraft:bread":1,"camping:small_backpack":10,"minecraft:oak_sapling":7,"minecraft:coal":144},"minecraft:dropped":{"minecraft:water_bucket":1,"minecraft:iron_ingot":2,"minecraft:bread":2,"minecraft:leather":1,"perfectplushies:raccoon_plushie":1,"simplehats:tophat":1,"minecraft:emerald":13,"irons_spellbooks:scroll":1,"minecraft:chain":2,"minecraft:string":16,"swem:oat_seeds":1,"minecraft:gravel":2,"minecraft:rotten_flesh":1,"minecraft:carrot":3},"minecraft:broken":{"minecraft:stone_pickaxe":1,"minecraft:stone_axe":1},"minecraft:mined":{"minecraft:oak_sapling":1,"minecraft:brewing_stand":1,"minecraft:ladder":1,"minecraft:grass_block":71,"minecraft:sandstone":2,"mysticalagriculture:inferium_ore":6,"beachparty:coconut_hanging":4,"minecraft:furnace":2,"minecraft:carrots":18,"minecraft:iron_ore":21,"minecraft:pumpkin":1,"minecraft:anvil":2,"chococraft:gysahl_green":30,"minecraft:bookshelf":66,"minecraft:potatoes":7,"minecraft:stone":91,"etched:radio":2,"minecraft:green_bed":3,"beachparty:palm_planks":2,"beachparty:palm_leaves":1,"minecraft:smoker":1,"minecraft:crafting_table":8,"minecraft:torch":2,"minecraft:blast_furnace":2,"minecraft:melon":16,"biomesoplenty:sprout":1,"biomesoplenty:huge_clover_petal":4,"minecraft:grindstone":2,"minecraft:sugar_cane":23,"camping:small_backpack":10,"minecraft:wall_torch":1,"croptopia:spinach_crop":1,"minecraft:pink_petals":1,"minecraft:chain":2,"perfectplushies:frog_plushie":1,"lootr:trophy":1,"ecologics:seashell":1,"minecraft:wheat":2,"biomesoplenty:clover":3,"minecraft:grass":12,"beachparty:palm_log":13,"minecraft:oak_log":10,"minecraft:coal_ore":105,"beachparty:coconut_block":1,"minecraft:gravel":5,"minecraft:sand":6,"minecraft:dirt":10,"minecraft:oak_leaves":4},"minecraft:custom":{"lootr:looted_stat":101,"minecraft:mob_kills":28,"minecraft:interact_with_crafting_table":25,"minecraft:open_shulker_box":11,"minecraft:leave_game":5,"minecraft:time_since_death":299556,"minecraft:climb_one_cm":6495,"minecraft:sprint_one_cm":946943,"minecraft:walk_one_cm":979370,"minecraft:damage_blocked_by_shield":90,"minecraft:drop":19,"minecraft:damage_dealt_absorbed":79,"minecraft:play_time":299556,"minecraft:sneak_time":3763,"minecraft:walk_under_water_one_cm":101170,"minecraft:jump":3176,"minecraft:walk_on_water_one_cm":99732,"minecraft:total_world_time":299556,"minecraft:interact_with_furnace":15,"minecraft:tune_noteblock":1,"minecraft:pot_flower":1,"minecraft:sleep_in_bed":6,"minecraft:time_since_rest":76923,"minecraft:damage_taken":1856,"minecraft:damage_dealt":4089,"minecraft:swim_one_cm":746882,"minecraft:fly_one_cm":662005,"minecraft:open_chest":29,"minecraft:crouch_one_cm":9466,"tombstone:undead_killed":9,"minecraft:interact_with_smoker":3,"minecraft:fall_one_cm":55766},"minecraft:killed":{"minecraft:spider":1,"minecraft:skeleton":1,"minecraft:drowned":3,"minecraft:sheep":2,"minecraft:zombie":5,"minecraft:cow":16},"minecraft:crafted":{"minecraft:oak_planks":40,"minecraft:stone_shovel":1,"minecraft:furnace":1,"minecraft:stone_pickaxe":1,"minecraft:chest":7,"beachparty:palm_planks":40,"sophisticatedbackpacks:iron_backpack":1,"sophisticatedbackpacks:backpack":1,"minecraft:crafting_table":1,"camping:small_backpack":1,"minecraft:wooden_pickaxe":1,"minecraft:stone_axe":1,"minecraft:bread":9,"minecraft:air":0,"minecraft:string":16,"minecraft:iron_chestplate":1,"minecraft:shield":1,"minecraft:stick":20,"minecraft:iron_ingot":21,"minecraft:iron_pickaxe":1,"minecraft:stone_sword":1,"minecraft:torch":88}},"DataVersion":3465}