{"stats":{"minecraft:dropped":{"minecraft:water_bucket":1,"minecraft:iron_ingot":2,"minecraft:bread":2,"minecraft:leather":1,"perfectplushies:raccoon_plushie":1,"simplehats:tophat":1,"minecraft:emerald":13,"irons_spellbooks:scroll":1,"minecraft:chain":2,"minecraft:string":16,"swem:oat_seeds":1,"minecraft:gravel":2,"minecraft:rotten_flesh":1,"minecraft:carrot":3},"minecraft:used":{"perfectplushies:dolphin_plushie":1,"beachparty:coconut":6,"minecraft:stone_sword":105,"minecraft:shield":4,"lootr:trophy":1,"minecraft:torch":36,"minecraft:dirt":1,"beachparty:palm_planks":2,"minecraft:lantern":1,"minecraft:furnace":2,"minecraft:oak_sapling":1,"minecraft:pumpkin":1,"minecraft:stone_pickaxe":153,"minecraft:baked_potato":4,"etched:radio":2,"minecraft:wooden_pickaxe":3,"minecraft:green_bed":1,"camping:small_backpack":7,"minecraft:crafting_table":8,"minecraft:blast_furnace":1,"minecraft:apple":1,"minecraft:bread":70,"minecraft:iron_pickaxe":60,"minecraft:leather_helmet":1,"beachparty:palm_log":3,"minecraft:stone_axe":107,"minecraft:cobblestone":3,"chococraft:gysahl_green":13,"minecraft:pumpkin_pie":1,"alexsmobs:animal_dictionary":1},"minecraft:mined":{"minecraft:brewing_stand":1,"minecraft:ladder":1,"minecraft:grass_block":10,"beachparty:coconut_hanging":4,"minecraft:furnace":2,"minecraft:carrots":18,"minecraft:iron_ore":21,"minecraft:pumpkin":1,"minecraft:anvil":1,"minecraft:bookshelf":66,"chococraft:gysahl_green":30,"minecraft:potatoes":7,"minecraft:stone":50,"etched:radio":2,"minecraft:green_bed":3,"beachparty:palm_planks":2,"beachparty:palm_leaves":1,"minecraft:smoker":1,"minecraft:crafting_table":8,"minecraft:torch":2,"minecraft:blast_furnace":2,"minecraft:melon":16,"biomesoplenty:huge_clover_petal":4,"minecraft:grindstone":1,"minecraft:sugar_cane":23,"camping:small_backpack":7,"minecraft:wall_torch":1,"minecraft:pink_petals":1,"minecraft:chain":2,"lootr:trophy":1,"ecologics:seashell":1,"minecraft:wheat":2,"beachparty:palm_log":13,"biomesoplenty:clover":1,"minecraft:grass":2,"minecraft:coal_ore":105,"beachparty:coconut_block":1,"minecraft:sand":2,"minecraft:gravel":5,"minecraft:dirt":6,"minecraft:oak_leaves":1},"minecraft:crafted":{"minecraft:furnace":1,"minecraft:stone_pickaxe":1,"minecraft:chest":2,"beachparty:palm_planks":40,"sophisticatedbackpacks:iron_backpack":1,"sophisticatedbackpacks:backpack":1,"minecraft:crafting_table":1,"camping:small_backpack":1,"minecraft:wooden_pickaxe":1,"minecraft:stone_axe":1,"minecraft:bread":9,"minecraft:air":0,"minecraft:string":16,"minecraft:iron_chestplate":1,"minecraft:shield":1,"minecraft:stick":20,"minecraft:iron_ingot":21,"minecraft:iron_pickaxe":1,"minecraft:stone_sword":1,"minecraft:torch":88},"minecraft:broken":{"minecraft:stone_pickaxe":1},"minecraft:custom":{"lootr:looted_stat":101,"minecraft:mob_kills":27,"minecraft:interact_with_crafting_table":21,"minecraft:open_shulker_box":8,"minecraft:leave_game":5,"minecraft:time_since_death":270932,"minecraft:climb_one_cm":6495,"minecraft:sprint_one_cm":894389,"minecraft:walk_one_cm":906567,"minecraft:damage_blocked_by_shield":90,"minecraft:drop":19,"minecraft:damage_dealt_absorbed":79,"minecraft:play_time":270932,"minecraft:sneak_time":3761,"minecraft:walk_under_water_one_cm":100323,"minecraft:jump":2983,"minecraft:walk_on_water_one_cm":96090,"minecraft:total_world_time":270932,"minecraft:interact_with_furnace":13,"minecraft:tune_noteblock":1,"minecraft:pot_flower":1,"minecraft:sleep_in_bed":6,"minecraft:time_since_rest":48299,"minecraft:damage_taken":1780,"minecraft:damage_dealt":3948,"minecraft:swim_one_cm":675444,"minecraft:fly_one_cm":611555,"minecraft:open_chest":5,"minecraft:crouch_one_cm":9466,"tombstone:undead_killed":9,"minecraft:interact_with_smoker":2,"minecraft:fall_one_cm":53407},"minecraft:killed":{"minecraft:skeleton":1,"minecraft:drowned":3,"minecraft:sheep":2,"minecraft:zombie":5,"minecraft:cow":16},"minecraft:picked_up":{"irons_spellbooks:scroll":1,"minecraft:crafting_table":8,"chococraft:loverly_gysahl_green":2,"minecraft:anvil":1,"minecraft:chain":2,"minecraft:brewing_stand":1,"beachparty:coconut":6,"minecraft:string":12,"minecraft:iron_leggings":1,"beachparty:coconut_open":5,"mysticalagriculture:inferium_essence":4,"etched:radio":2,"minecraft:beef":32,"minecraft:melon_slice":73,"minecraft:sugar_cane":55,"minecraft:furnace":2,"knightlib:small_essence":1,"minecraft:stick":1,"minecraft:raw_iron":21,"simplehats:hatbag_common":1,"ecologics:coconut_slice":54,"minecraft:torch":3,"minecraft:green_bed":3,"simplehats:eyeholder_dark":1,"beachparty:palm_planks":2,"tombstone:grave_dust":2,"minecraft:carrot":65,"simplehats:sport_sunglasses":1,"minecraft:rotten_flesh":7,"minecraft:mutton":2,"minecraft:glow_berries":2,"minecraft:cobblestone":43,"minecraft:white_wool":2,"minecraft:water_bucket":1,"minecraft:andesite":8,"minecraft:leather":16,"minecraft:smoker":1,"minecraft:potato":22,"simplehats:tophat":1,"beachparty:palm_log":13,"lootr:trophy":1,"minecraft:dirt":9,"minecraft:lantern":2,"chococraft:gysahl_green":67,"minecraft:iron_ingot":1,"minecraft:grindstone":1,"simplehats:hatbag_uncommon":2,"swem:oat_seeds":1,"lightmanscurrency:coin_iron":10,"minecraft:book":198,"minecraft:pumpkin":1,"beachparty:palm_sapling":1,"minecraft:gravel":2,"chococraft:gysahl_green_seeds":28,"minecraft:blast_furnace":2,"lightmanscurrency:coin_copper":34,"minecraft:soul_lantern":1,"minecraft:bread":1,"camping:small_backpack":7,"minecraft:oak_sapling":1,"minecraft:coal":144}},"DataVersion":3465}