{"stats":{"minecraft:killed":{"minecraft:sheep":2,"minecraft:cow":2},"minecraft:crafted":{"minecraft:crafting_table":1,"minecraft:stick":8,"minecraft:wooden_pickaxe":1,"minecraft:stone_pickaxe":1,"minecraft:stone_sword":1,"minecraft:stone_axe":1,"beachparty:palm_planks":12},"minecraft:custom":{"minecraft:time_since_rest":51920,"minecraft:sprint_one_cm":38756,"minecraft:damage_taken":85,"minecraft:walk_one_cm":138156,"minecraft:mob_kills":4,"minecraft:damage_dealt":573,"minecraft:interact_with_crafting_table":3,"minecraft:swim_one_cm":3961,"minecraft:fly_one_cm":29343,"minecraft:open_chest":3,"minecraft:crouch_one_cm":1727,"minecraft:play_time":51920,"minecraft:sneak_time":1144,"minecraft:walk_under_water_one_cm":334,"minecraft:jump":247,"minecraft:leave_game":4,"minecraft:walk_on_water_one_cm":878,"minecraft:time_since_death":51920,"minecraft:total_world_time":51920,"minecraft:fall_one_cm":4623},"minecraft:used":{"minecraft:stone_pickaxe":38,"minecraft:wooden_pickaxe":3,"beachparty:palm_log":3,"minecraft:stone_axe":7,"minecraft:crafting_table":1,"chococraft:gysahl_green":13},"minecraft:picked_up":{"minecraft:crafting_table":1,"chococraft:loverly_gysahl_green":1,"minecraft:leather":2,"beachparty:palm_sapling":1,"beachparty:palm_log":13,"chococraft:gysahl_green_seeds":19,"beachparty:coconut":4,"minecraft:dirt":8,"chococraft:gysahl_green":42,"mysticalagriculture:inferium_essence":1,"minecraft:beef":4,"minecraft:sugar_cane":28,"minecraft:mutton":2,"minecraft:coal":19,"minecraft:white_wool":2,"minecraft:cobblestone":22},"minecraft:mined":{"beachparty:coconut_hanging":4,"minecraft:pink_petals":1,"ecologics:seashell":1,"beachparty:palm_leaves":1,"minecraft:crafting_table":1,"beachparty:palm_log":13,"biomesoplenty:clover":1,"chococraft:gysahl_green":19,"minecraft:grass_block":3,"minecraft:coal_ore":19,"minecraft:dirt":5,"biomesoplenty:huge_clover_petal":4,"minecraft:stone":22,"minecraft:sugar_cane":14}},"DataVersion":3465}