{"stats":{"minecraft:dropped":{"alexsmobs:animal_dictionary":1},"minecraft:picked_up":{"mca:needle_and_thread":1,"alexsmobs:animal_dictionary":1},"minecraft:custom":{"minecraft:jump":29,"minecraft:time_since_rest":34426,"minecraft:sprint_one_cm":10370,"minecraft:damage_dealt":39,"minecraft:crouch_one_cm":355,"minecraft:leave_game":1,"minecraft:play_time":34426,"minecraft:damage_taken":20,"minecraft:time_since_death":34426,"minecraft:walk_one_cm":35678,"minecraft:sneak_time":136,"minecraft:total_world_time":34426,"minecraft:fall_one_cm":209,"minecraft:drop":1,"minecraft:fly_one_cm":2508,"minecraft:open_chest":3},"minecraft:used":{"alexsmobs:animal_dictionary":5}},"DataVersion":3465}