{"stats":{"minecraft:killed":{"minecraft:sheep":1,"minecraft:cow":1},"minecraft:crafted":{"minecraft:wooden_sword":1,"minecraft:oak_planks":40,"minecraft:wooden_shovel":1,"minecraft:stick":16,"minecraft:wooden_pickaxe":1,"minecraft:wooden_axe":1},"minecraft:custom":{"minecraft:time_since_rest":14280,"lootr:looted_stat":14,"minecraft:interact_with_furnace":1,"minecraft:sprint_one_cm":144964,"minecraft:damage_taken":496,"minecraft:walk_one_cm":352732,"minecraft:mob_kills":2,"minecraft:drop":1,"minecraft:damage_dealt":396,"minecraft:interact_with_crafting_table":2,"minecraft:fly_one_cm":20377,"minecraft:open_barrel":8,"minecraft:open_chest":9,"minecraft:crouch_one_cm":3803,"minecraft:play_time":89312,"minecraft:sneak_time":1370,"minecraft:jump":243,"minecraft:leave_game":2,"minecraft:time_since_death":89312,"minecraft:walk_on_water_one_cm":3162,"minecraft:sleep_in_bed":1,"minecraft:total_world_time":89312,"minecraft:fall_one_cm":3302},"minecraft:used":{"croptopia:grape":1,"minecraft:wooden_axe":36,"immersive_paintings:painting":1,"minecraft:wooden_pickaxe":5,"beachparty:seashell":1,"minecraft:barrel":3,"minecraft:wooden_sword":7,"minecraft:written_book":1,"minecraft:cooked_porkchop":6,"alexsmobs:animal_dictionary":5,"minecraft:oak_log":2},"minecraft:picked_up":{"minecraft:stick":3,"chococraft:loverly_gysahl_green":3,"croptopia:grape_seed":1,"ecologics:coconut_slice":6,"minecraft:leather":2,"mca:needle_and_thread":1,"beachparty:palm_log":13,"minecraft:oak_log":24,"chococraft:gysahl_green_seeds":14,"beachparty:coconut":2,"alexsmobs:animal_dictionary":1,"croptopia:grape":1,"beachparty:seashell":1,"chococraft:gysahl_green":42,"minecraft:beef":3,"minecraft:oak_sapling":2,"minecraft:crafting_table":1,"minecraft:mutton":1,"minecraft:coal":1,"minecraft:white_wool":1,"minecraft:cobblestone":4,"immersive_paintings:painting":1},"minecraft:mined":{"beachparty:seashell_block":1,"beachparty:palm_leaves":6,"minecraft:crafting_table":1,"minecraft:grass":1,"beachparty:palm_log":13,"chococraft:gysahl_green":4,"minecraft:coal_ore":1,"minecraft:oak_log":24,"biomesoplenty:flowering_oak_leaves":2,"minecraft:stone":4,"minecraft:oak_leaves":3},"minecraft:dropped":{"alexsmobs:animal_dictionary":1}},"DataVersion":3465}