{"stats":{"minecraft:dropped":{"minecraft:sand":1,"alexsmobs:animal_dictionary":1,"swem:alfalfa_seeds":1,"swem:timothy_seeds":2,"doggytalents:rice_grains":2,"minecraft:bread":6,"minecraft:wheat_seeds":7,"dawnoftimebuilder:grape_seeds":4,"swem:chestplate_gold":1,"croptopia:tomato":1,"naturalist:duck_egg":1,"minecraft:oak_sapling":2,"minecraft:light_gray_dye":1,"minecraft:stone_pickaxe":1},"minecraft:used":{"minecraft:chest":2,"minecraft:shield":54,"mcwfences:railing_diorite_wall":113,"minecraft:birch_sapling":14,"connectedglass:borderless_glass_pane":229,"biomesoplenty:jacaranda_sapling":22,"minecraft:bow":6,"minecraft:written_book":1,"minecraft:furnace":1,"minecraft:cooked_cod":3,"minecraft:diorite":1,"croptopia:tomato":1,"minecraft:stone_pickaxe":1528,"minecraft:oak_planks":218,"minecraft:polished_diorite_slab":24,"minecraft:cactus":6,"minecraft:wooden_pickaxe":59,"minecraft:sand":1,"minecraft:black_bed":4,"minecraft:purple_concrete_powder":916,"mcwfences:diorite_railing_gate":31,"minecraft:birch_slab":581,"minecraft:bread":46,"bettas:koi_bucket":1,"beachparty:seashell":1,"ecologics:coconut_slice":30,"minecraft:wooden_sword":59,"perfectplushies:dumbo_blob_plushie":2,"minecraft:oak_boat":2,"croptopia:cantaloupe":1,"minecraft:bone_meal":21,"beachparty:coconut":2,"minecraft:stone_sword":34,"minecraft:stone_shovel":1609,"minecraft:wooden_shovel":67,"minecraft:oak_door":15,"minecraft:torch":66,"minecraft:dirt":281,"biomesoplenty:jacaranda_slab":478,"minecraft:polished_diorite":152,"furniture:lamp_brown":1,"minecraft:wooden_axe":120,"immersive_paintings:painting":1,"minecraft:oak_stairs":14,"minecraft:barrel":4,"minecraft:purple_concrete":1023,"dawnoftimebuilder:paper_lamp":38,"tombstone:gift":6,"croptopia:strawberry":1,"minecraft:cooked_beef":4,"croptopia:grape":1,"minecraft:cooked_mutton":3,"biomesoplenty:jacaranda_door":1,"minecraft:water_bucket":51,"connectedglass:borderless_glass_lime_pane":129,"minecraft:glass_bottle":1,"minecraft:purple_glazed_terracotta":14,"minecraft:stonecutter":5,"minecraft:oak_slab":248,"minecraft:white_bed":2,"minecraft:oak_log":2,"minecraft:cornflower":6,"chococraft:gysahl_green_seeds":2,"herbalbrews:tea_blossom":1,"minecraft:stone_axe":861,"minecraft:cooked_porkchop":13,"minecraft:bucket":52,"minecraft:glass_pane":336,"alexsmobs:animal_dictionary":5,"beachparty:rubber_ring_pelican":1},"minecraft:mined":{"croptopia:cantaloupe_crop":1,"minecraft:white_bed":1,"croptopia:grape_crop":1,"croptopia:strawberry_crop":1,"minecraft:brewing_stand":1,"minecraft:grass_block":271,"biomesoplenty:flowering_oak_leaves":28,"minecraft:oxeye_daisy":9,"beachparty:seashell_block":5,"minecraft:tall_seagrass":1,"dawnoftimebuilder:geranium_pink":6,"minecraft:azure_bluet":1,"chococraft:gysahl_green":4,"minecraft:oak_stairs":14,"biomesoplenty:jacaranda_leaves":41,"biomesoplenty:jacaranda_slab":70,"minecraft:clay":20,"minecraft:torch":13,"vinery:red_grape_bush":1,"minecraft:poppy":1,"minecraft:melon":3,"croptopia:raspberry_crop":1,"minecraft:polished_diorite_slab":1,"connectedglass:borderless_glass_lime_pane":3,"mcwfences:diorite_railing_gate":31,"minecraft:oak_planks":218,"minecraft:wall_torch":7,"minecraft:seagrass":5,"croptopia:cauliflower_crop":1,"minecraft:birch_log":105,"minecraft:black_bed":4,"minecraft:grass":81,"biomesoplenty:clover":40,"beachparty:palm_log":13,"minecraft:oak_log":145,"minecraft:purple_concrete_powder":9,"minecraft:sand":871,"minecraft:dirt":112,"minecraft:stonecutter":5,"minecraft:oak_leaves":58,"minecraft:purple_glazed_terracotta":9,"connectedglass:borderless_glass_pane":17,"minecraft:oak_door":9,"perfectplushies:dumbo_blob_plushie":1,"minecraft:birch_slab":5,"biomesoplenty:jacaranda_sapling":1,"mcwfences:railing_diorite_wall":13,"biomesoplenty:jacaranda_log":54,"minecraft:furnace":1,"minecraft:peony":2,"croptopia:elderberry_crop":1,"dawnoftimebuilder:wild_grape":2,"minecraft:stone":90,"dawnoftimebuilder:paper_lamp":3,"minecraft:oak_slab":242,"minecraft:glass_pane":336,"beachparty:palm_leaves":6,"minecraft:dandelion":5,"minecraft:crafting_table":1,"minecraft:cornflower":4,"minecraft:rose_bush":10,"biomesoplenty:sprout":32,"minecraft:diorite":382,"furniture:lamp_brown":1,"croptopia:spinach_crop":1,"minecraft:cactus":3,"minecraft:birch_leaves":14,"minecraft:purple_concrete":1024,"croptopia:tomato_crop":3,"minecraft:coal_ore":25,"croptopia:celery_crop":1,"croptopia:radish_crop":1,"minecraft:gravel":435,"biomesoplenty:redwood_wood":1},"minecraft:crafted":{"minecraft:lime_stained_glass":48,"minecraft:oak_planks":436,"minecraft:cactus":3,"minecraft:purple_glazed_terracotta":8,"minecraft:birch_slab":572,"minecraft:cooked_mutton":3,"minecraft:green_dye":3,"minecraft:glass":313,"minecraft:bow":1,"minecraft:chest":10,"minecraft:polished_diorite_slab":20,"minecraft:oak_slab":246,"minecraft:wooden_shovel":1,"minecraft:cooked_porkchop":3,"sophisticatedbackpacks:backpack":2,"minecraft:arrow":4,"minecraft:emerald":12,"biomesoplenty:jacaranda_planks":216,"minecraft:wooden_pickaxe":1,"mcwfences:railing_diorite_wall":8,"minecraft:birch_planks":288,"biomesoplenty:jacaranda_slab":408,"minecraft:string":8,"minecraft:paper":60,"minecraft:charcoal":65,"minecraft:purple_dye":62,"minecraft:shield":1,"minecraft:stick":152,"minecraft:stone_sword":1,"minecraft:black_bed":1,"minecraft:light_gray_dye":1,"minecraft:wooden_sword":1,"minecraft:oak_door":3,"minecraft:stone_shovel":12,"candlelight:rose":12,"minecraft:bone_meal":27,"minecraft:lime_stained_glass_pane":128,"minecraft:pink_dye":4,"minecraft:glass_pane":560,"minecraft:terracotta":8,"minecraft:polished_diorite":56,"minecraft:lime_dye":6,"minecraft:stone_pickaxe":13,"biomesoplenty:jacaranda_door":3,"minecraft:cooked_beef":4,"minecraft:cooked_cod":3,"minecraft:purple_terracotta":8,"dawnoftimebuilder:paper_lamp":36,"furniture:lamp_brown":2,"connectedglass:borderless_glass_pane":208,"minecraft:stone_axe":7,"minecraft:bread":21,"minecraft:air":0,"minecraft:oak_boat":2,"connectedglass:borderless_glass_lime_pane":128,"minecraft:white_dye":6,"minecraft:oak_stairs":8,"minecraft:wooden_axe":2,"minecraft:white_bed":1,"minecraft:torch":76,"minecraft:purple_concrete_powder":936,"minecraft:clay":16},"minecraft:broken":{"minecraft:wooden_shovel":1,"minecraft:stone_pickaxe":11,"minecraft:wooden_sword":1,"minecraft:stone_axe":6,"minecraft:wooden_axe":2,"minecraft:stone_shovel":12,"minecraft:wooden_pickaxe":1,"minecraft:shield":1},"minecraft:custom":{"lootr:looted_stat":81,"minecraft:animals_bred":1,"minecraft:interact_with_crafting_table":126,"minecraft:open_barrel":186,"minecraft:bell_ring":1,"minecraft:leave_game":3,"minecraft:time_since_death":27316,"minecraft:sprint_one_cm":2195876,"minecraft:damage_blocked_by_shield":2550,"minecraft:drop":20,"minecraft:talked_to_villager":12,"minecraft:play_time":840310,"minecraft:deaths":9,"minecraft:jump":2448,"minecraft:walk_on_water_one_cm":120207,"minecraft:interact_with_furnace":80,"minecraft:traded_with_villager":9,"minecraft:sleep_in_bed":26,"minecraft:damage_dealt":3399,"minecraft:crouch_one_cm":69877,"tombstone:undead_killed":10,"minecraft:mob_kills":20,"minecraft:climb_one_cm":6395,"minecraft:walk_one_cm":3233900,"minecraft:sneak_time":18209,"minecraft:walk_under_water_one_cm":95507,"minecraft:boat_one_cm":478606,"minecraft:interact_with_blast_furnace":2,"minecraft:total_world_time":840310,"minecraft:tune_noteblock":1,"minecraft:interact_with_stonecutter":20,"minecraft:time_since_rest":4991,"minecraft:damage_taken":4762,"minecraft:swim_one_cm":5064,"minecraft:fly_one_cm":228717,"minecraft:open_chest":172,"minecraft:fall_one_cm":47776},"minecraft:killed":{"creeperoverhaul:beach_creeper":1,"minecraft:spider":3,"minecraft:skeleton":3,"minecraft:sheep":1,"minecraft:zombie":7,"minecraft:cow":2,"alexsmobs:raccoon":1,"alexsmobs:crow":1},"minecraft:picked_up":{"minecraft:seagrass":2,"chococraft:loverly_gysahl_green":3,"croptopia:grape_seed":3,"minecraft:prismarine_shard":2,"croptopia:tomatillo_seed":2,"minecraft:lead":1,"minecraft:oak_stairs":14,"minecraft:enchanted_book":1,"minecraft:brewing_stand":1,"connectedglass:borderless_glass_pane":16,"irons_spellbooks:cast_time_ring":1,"minecraft:string":6,"croptopia:cantaloupe":3,"biomesoplenty:yellow_autumn_sapling":1,"biomesoplenty:tall_lavender":31,"beachparty:coconut_open":2,"simplehats:lilbow":1,"mysticalagriculture:inferium_essence":5,"swem:chestplate_gold":1,"minecraft:rose_bush":9,"croptopia:blueberry":1,"alexsmobs:raccoon_tail":1,"furniture:lamp_brown":1,"biomesoplenty:redwood_wood":1,"minecraft:melon_slice":13,"minecraft:furnace":1,"minecraft:stick":53,"simplehats:bucket":1,"minecraft:torch":29,"tombstone:grave_dust":4,"minecraft:diorite":381,"simplehats:camerabeard":1,"minecraft:cactus":6,"minecraft:rotten_flesh":9,"croptopia:raspberry_seed":2,"croptopia:elderberry":1,"minecraft:cobblestone":89,"croptopia:cauliflower":2,"biomesoplenty:lavender":64,"minecraft:birch_log":139,"occultism:datura_seeds":6,"minecraft:polished_diorite_slab":3,"minecraft:feather":1,"croptopia:radish":1,"minecraft:birch_slab":9,"perfectplushies:dumbo_blob_plushie":1,"minecraft:black_bed":4,"herbalbrews:tea_blossom":2,"beachparty:palm_log":13,"croptopia:spinach":1,"minecraft:flint":32,"croptopia:celery":2,"croptopia:blueberry_seed":1,"simplehats:beaniergb":1,"minecraft:dirt":393,"simplehats:hatbag_epic":1,"minecraft:bone":8,"minecraft:stonecutter":5,"minecraft:wheat_seeds":26,"simplehats:hatbag_uncommon":3,"swem:oat_seeds":24,"minecraft:oak_planks":218,"simplehats:shroomcap":1,"mca:needle_and_thread":1,"croptopia:celery_seed":4,"minecraft:sand":867,"minecraft:dead_bush":5,"alexsmobs:animal_dictionary":1,"croptopia:spinach_seed":2,"naturalist:duck_egg":1,"croptopia:radish_seed":2,"dawnoftimebuilder:ivy":22,"minecraft:emerald":14,"dawnoftimebuilder:grape":2,"minecraft:oak_sapling":30,"minecraft:crafting_table":1,"minecraft:azure_bluet":2,"minecraft:clay_ball":80,"biomesoplenty:jacaranda_sapling":27,"beachparty:coconut":2,"minecraft:cornflower":6,"beachparty:seashell":10,"biomesoplenty:jacaranda_slab":71,"croptopia:tomatillo":1,"croptopia:tomato_seed":5,"minecraft:beef":5,"minecraft:poppy":1,"minecraft:birch_sapling":14,"knightlib:small_essence":7,"immersive_paintings:painting":1,"simplehats:hatbag_common":2,"minecraft:oak_door":13,"ecologics:coconut_slice":33,"dawnoftimebuilder:grape_seeds":4,"croptopia:strawberry":3,"croptopia:grape":3,"dawnoftimebuilder:paper_lamp":3,"croptopia:cantaloupe_seed":4,"minecraft:arrow":5,"biomesoplenty:jacaranda_log":54,"croptopia:strawberry_seed":5,"minecraft:peony":2,"swem:alfalfa_seeds":25,"minecraft:mutton":1,"minecraft:white_wool":1,"minecraft:oxeye_daisy":9,"swem:timothy_seeds":26,"minecraft:purple_dye":57,"mcwfences:diorite_railing_gate":31,"minecraft:leather":5,"doggytalents:rice_grains":29,"minecraft:oak_log":145,"minecraft:gunpowder":2,"chococraft:gysahl_green":47,"minecraft:apple":5,"mcwfences:railing_diorite_wall":13,"croptopia:raspberry":1,"minecraft:stone_pickaxe":2,"croptopia:tomato":4,"croptopia:elderberry_seed":2,"lightmanscurrency:coin_iron":31,"simplehats:pika_ears":1,"minecraft:purple_concrete":1025,"minecraft:oak_slab":245,"croptopia:cauliflower_seed":4,"perfectplushies:raccoon_plushie":1,"minecraft:dandelion":5,"minecraft:gravel":491,"dawnoftimebuilder:geranium_pink":12,"chococraft:gysahl_green_seeds":16,"minecraft:white_bed":1,"minecraft:spider_eye":1,"a_man_with_plushies:red_pikmin_plush":1,"biomesoplenty:flowering_oak_sapling":10,"lightmanscurrency:coin_copper":36,"minecraft:purple_glazed_terracotta":9,"minecraft:cherry_sapling":1,"mca:book_infection":1,"minecraft:coal":25,"minecraft:purple_concrete_powder":9}},"DataVersion":3465}