{"stats":{"minecraft:used":{"minecraft:chest":10,"minecraft:shield":54,"artifacts:umbrella":3,"mcwfences:railing_diorite_wall":113,"minecraft:birch_sapling":14,"connectedglass:borderless_glass_pane":229,"biomesoplenty:jacaranda_sapling":22,"minecraft:bow":6,"minecraft:written_book":1,"minecraft:furnace":1,"minecraft:cooked_cod":3,"minecraft:egg":1,"minecraft:seagrass":2,"minecraft:diorite":1,"croptopia:tomato":1,"minecraft:oak_planks":218,"minecraft:stone_pickaxe":1531,"minecraft:polished_diorite_slab":24,"minecraft:cactus":9,"minecraft:wooden_pickaxe":59,"minecraft:sand":1,"minecraft:black_bed":5,"minecraft:purple_concrete_powder":945,"mcwfences:diorite_railing_gate":31,"minecraft:birch_slab":581,"minecraft:bread":66,"bettas:koi_bucket":1,"beachparty:seashell":1,"ecologics:coconut_slice":30,"minecraft:wooden_sword":59,"perfectplushies:dumbo_blob_plushie":2,"minecraft:oak_boat":3,"croptopia:cantaloupe":1,"minecraft:bone_meal":21,"beachparty:coconut":2,"minecraft:stone_sword":65,"minecraft:stone_shovel":1609,"minecraft:wooden_shovel":67,"minecraft:oak_door":15,"minecraft:torch":66,"minecraft:dirt":284,"biomesoplenty:jacaranda_slab":478,"minecraft:polished_diorite":152,"furniture:lamp_brown":1,"minecraft:wooden_axe":120,"immersive_paintings:painting":1,"minecraft:oak_stairs":14,"minecraft:barrel":6,"minecraft:purple_concrete":1023,"dawnoftimebuilder:paper_lamp":41,"minecraft:lime_stained_glass":10,"tombstone:gift":6,"croptopia:strawberry":1,"minecraft:cooked_beef":4,"minecraft:cooked_mutton":3,"croptopia:grape":1,"biomesoplenty:jacaranda_door":3,"minecraft:water_bucket":59,"connectedglass:borderless_glass_lime_pane":264,"minecraft:glass_bottle":1,"minecraft:purple_glazed_terracotta":14,"minecraft:stonecutter":5,"minecraft:oak_slab":248,"minecraft:crafting_table":3,"minecraft:white_bed":2,"minecraft:oak_log":2,"minecraft:cornflower":6,"chococraft:gysahl_green_seeds":2,"herbalbrews:tea_blossom":1,"minecraft:stone_axe":877,"minecraft:cooked_porkchop":13,"minecraft:bucket":60,"minecraft:glass_pane":336,"alexsmobs:animal_dictionary":5,"beachparty:rubber_ring_pelican":1},"minecraft:picked_up":{"minecraft:seagrass":2,"chococraft:loverly_gysahl_green":3,"perfectplushies:mouse_plushie":1,"minecraft:prismarine_shard":2,"croptopia:grape_seed":3,"croptopia:tomatillo_seed":3,"minecraft:lead":1,"minecraft:oak_stairs":14,"minecraft:enchanted_book":1,"minecraft:brewing_stand":1,"connectedglass:borderless_glass_pane":16,"irons_spellbooks:cast_time_ring":1,"minecraft:string":6,"croptopia:cantaloupe":3,"biomesoplenty:yellow_autumn_sapling":1,"perfectplushies:hippo_plushie":1,"biomesoplenty:tall_lavender":31,"beachparty:coconut_open":2,"simplehats:lilbow":1,"mysticalagriculture:inferium_essence":7,"swem:chestplate_gold":1,"minecraft:rose_bush":9,"croptopia:blueberry":1,"alexsmobs:raccoon_tail":1,"furniture:lamp_brown":1,"biomesoplenty:redwood_wood":1,"minecraft:melon_slice":20,"minecraft:furnace":1,"simplehats:bucket":1,"minecraft:stick":53,"minecraft:torch":29,"minecraft:porkchop":2,"tombstone:grave_dust":4,"minecraft:diorite":381,"simplehats:camerabeard":1,"minecraft:cactus":15,"minecraft:rotten_flesh":21,"croptopia:raspberry_seed":2,"minecraft:carved_pumpkin":1,"croptopia:elderberry":2,"minecraft:cobblestone":89,"croptopia:cauliflower":2,"biomesoplenty:lavender":64,"minecraft:birch_log":139,"simplehats:gnome":1,"occultism:datura_seeds":6,"minecraft:polished_diorite_slab":3,"minecraft:feather":1,"croptopia:radish":1,"minecraft:birch_slab":9,"perfectplushies:dumbo_blob_plushie":1,"minecraft:black_bed":4,"herbalbrews:tea_blossom":2,"beachparty:palm_log":13,"croptopia:spinach":1,"minecraft:flint":32,"simplehats:beaniergb":1,"croptopia:blueberry_seed":1,"croptopia:celery":2,"minecraft:dirt":395,"simplehats:hatbag_epic":1,"minecraft:hanging_roots":1,"minecraft:bone":11,"minecraft:stonecutter":5,"minecraft:wheat_seeds":27,"betterarcheology:archeology_table":1,"croptopia:bellpepper":1,"simplehats:hatbag_uncommon":3,"swem:oat_seeds":26,"minecraft:oak_planks":218,"ecologics:prickly_pear":3,"simplehats:shroomcap":1,"croptopia:celery_seed":4,"mca:needle_and_thread":1,"minecraft:sand":867,"minecraft:dead_bush":5,"perfectplushies:panda_plushie":1,"naturalist:duck_egg":2,"alexsmobs:animal_dictionary":1,"croptopia:spinach_seed":2,"croptopia:radish_seed":2,"dawnoftimebuilder:ivy":22,"minecraft:emerald":14,"dawnoftimebuilder:grape":2,"minecraft:oak_sapling":30,"minecraft:crafting_table":4,"minecraft:azure_bluet":2,"minecraft:clay_ball":80,"biomesoplenty:jacaranda_sapling":27,"tameablebeasts:racoon_fur":1,"beachparty:coconut":2,"minecraft:cornflower":6,"croptopia:bellpepper_seed":2,"beachparty:seashell":10,"biomesoplenty:jacaranda_slab":71,"croptopia:tomatillo":2,"croptopia:tomato_seed":7,"minecraft:beef":5,"minecraft:poppy":1,"minecraft:chest":1,"minecraft:birch_sapling":14,"minecraft:egg":3,"immersive_paintings:painting":1,"knightlib:small_essence":9,"minecraft:oak_door":13,"simplehats:hatbag_common":3,"ecologics:coconut_slice":33,"dawnoftimebuilder:grape_seeds":4,"croptopia:strawberry":3,"croptopia:grape":3,"dawnoftimebuilder:paper_lamp":5,"minecraft:arrow":7,"croptopia:cantaloupe_seed":4,"biomesoplenty:jacaranda_log":54,"croptopia:strawberry_seed":5,"minecraft:peony":2,"swem:alfalfa_seeds":25,"minecraft:gold_ingot":1,"minecraft:mutton":1,"minecraft:skeleton_skull":2,"minecraft:white_wool":1,"minecraft:oxeye_daisy":9,"swem:timothy_seeds":27,"minecraft:purple_dye":57,"mcwfences:diorite_railing_gate":31,"minecraft:leather":5,"connectedglass:borderless_glass_lime_pane":1,"doggytalents:rice_grains":30,"minecraft:oak_log":145,"minecraft:gunpowder":2,"chococraft:gysahl_green":47,"minecraft:apple":5,"minecraft:stone_bricks":1,"mcwfences:railing_diorite_wall":13,"minecraft:iron_ingot":4,"croptopia:raspberry":1,"minecraft:stone_pickaxe":2,"croptopia:tomato":5,"perfectplushies:dog_plushie":1,"croptopia:elderberry_seed":4,"lightmanscurrency:coin_iron":40,"simplehats:pika_ears":1,"minecraft:purple_concrete":1025,"minecraft:oak_slab":245,"croptopia:cauliflower_seed":4,"minecraft:birch_boat":1,"minecraft:pumpkin":4,"perfectplushies:raccoon_plushie":2,"minecraft:dandelion":5,"minecraft:gravel":491,"dawnoftimebuilder:geranium_pink":12,"chococraft:gysahl_green_seeds":16,"minecraft:white_bed":1,"minecraft:spider_eye":1,"a_man_with_plushies:red_pikmin_plush":1,"biomesoplenty:flowering_oak_sapling":10,"lightmanscurrency:coin_copper":62,"minecraft:purple_glazed_terracotta":9,"simplehats:thumbnail":1,"minecraft:iron_helmet":1,"minecraft:cherry_sapling":1,"mca:book_infection":1,"minecraft:coal":28,"minecraft:purple_concrete_powder":11},"minecraft:dropped":{"connectedglass:borderless_glass_lime_pane":1,"minecraft:sand":1,"alexsmobs:animal_dictionary":1,"swem:alfalfa_seeds":1,"minecraft:rotten_flesh":4,"swem:timothy_seeds":2,"doggytalents:rice_grains":2,"minecraft:bread":6,"minecraft:wheat_seeds":8,"dawnoftimebuilder:grape_seeds":4,"swem:chestplate_gold":1,"croptopia:tomato":1,"minecraft:melon_slice":7,"naturalist:duck_egg":1,"simplehats:gnome":1,"simplehats:thumbnail":1,"minecraft:oak_sapling":2,"minecraft:light_gray_dye":1,"minecraft:stone_pickaxe":1},"minecraft:broken":{"minecraft:wooden_shovel":1,"minecraft:stone_pickaxe":11,"minecraft:wooden_sword":1,"minecraft:stone_axe":6,"minecraft:wooden_axe":2,"minecraft:stone_shovel":12,"minecraft:wooden_pickaxe":1,"minecraft:shield":1},"minecraft:mined":{"croptopia:cantaloupe_crop":1,"minecraft:white_bed":1,"croptopia:grape_crop":1,"croptopia:strawberry_crop":1,"minecraft:brewing_stand":1,"minecraft:carved_pumpkin":1,"minecraft:grass_block":272,"biomesoplenty:flowering_oak_leaves":28,"perfectplushies:hippo_plushie":1,"minecraft:oxeye_daisy":9,"perfectplushies:mouse_plushie":1,"beachparty:seashell_block":5,"minecraft:tall_seagrass":1,"dawnoftimebuilder:geranium_pink":6,"minecraft:pumpkin":4,"minecraft:azure_bluet":1,"chococraft:gysahl_green":4,"perfectplushies:panda_plushie":1,"minecraft:oak_stairs":14,"biomesoplenty:jacaranda_leaves":41,"perfectplushies:dog_plushie":1,"biomesoplenty:jacaranda_slab":70,"minecraft:clay":20,"minecraft:torch":13,"vinery:red_grape_bush":1,"minecraft:poppy":1,"minecraft:melon":3,"minecraft:chest":1,"croptopia:raspberry_crop":1,"minecraft:polished_diorite_slab":1,"connectedglass:borderless_glass_lime_pane":4,"mcwfences:diorite_railing_gate":31,"minecraft:oak_planks":218,"minecraft:wall_torch":7,"minecraft:skeleton_skull":2,"minecraft:seagrass":5,"croptopia:cauliflower_crop":1,"minecraft:birch_log":105,"minecraft:black_bed":4,"minecraft:grass":81,"biomesoplenty:clover":40,"beachparty:palm_log":13,"minecraft:oak_log":145,"minecraft:purple_concrete_powder":11,"minecraft:sand":871,"minecraft:dirt":113,"minecraft:stonecutter":5,"minecraft:oak_leaves":58,"minecraft:purple_glazed_terracotta":9,"connectedglass:borderless_glass_pane":17,"minecraft:oak_door":9,"perfectplushies:dumbo_blob_plushie":1,"minecraft:birch_slab":5,"biomesoplenty:jacaranda_sapling":1,"mcwfences:railing_diorite_wall":13,"biomesoplenty:jacaranda_log":54,"minecraft:furnace":1,"minecraft:peony":2,"croptopia:elderberry_crop":1,"dawnoftimebuilder:wild_grape":2,"minecraft:stone":90,"dawnoftimebuilder:paper_lamp":5,"minecraft:oak_slab":242,"betterarcheology:archeology_table":1,"minecraft:glass_pane":336,"beachparty:palm_leaves":6,"minecraft:dandelion":5,"minecraft:crafting_table":4,"minecraft:cornflower":4,"minecraft:rose_bush":10,"biomesoplenty:sprout":32,"minecraft:diorite":382,"furniture:lamp_brown":1,"croptopia:spinach_crop":1,"minecraft:cactus":6,"minecraft:birch_leaves":14,"minecraft:purple_concrete":1024,"croptopia:tomato_crop":3,"perfectplushies:raccoon_plushie":1,"minecraft:coal_ore":28,"croptopia:celery_crop":1,"croptopia:radish_crop":1,"minecraft:gravel":435,"biomesoplenty:redwood_wood":1,"minecraft:fern":1},"minecraft:custom":{"lootr:looted_stat":97,"minecraft:animals_bred":1,"minecraft:interact_with_crafting_table":142,"minecraft:open_barrel":251,"minecraft:bell_ring":1,"minecraft:leave_game":3,"minecraft:time_since_death":154218,"minecraft:sprint_one_cm":2473904,"minecraft:damage_blocked_by_shield":2720,"minecraft:drop":28,"minecraft:talked_to_villager":15,"minecraft:play_time":967212,"minecraft:deaths":9,"minecraft:jump":2781,"minecraft:walk_on_water_one_cm":136817,"minecraft:interact_with_furnace":87,"minecraft:traded_with_villager":9,"minecraft:sleep_in_bed":28,"minecraft:damage_dealt":4602,"minecraft:crouch_one_cm":75066,"tombstone:undead_killed":16,"minecraft:mob_kills":27,"minecraft:climb_one_cm":7191,"minecraft:walk_one_cm":3783140,"minecraft:sneak_time":20068,"minecraft:walk_under_water_one_cm":95621,"minecraft:boat_one_cm":478606,"minecraft:interact_with_blast_furnace":2,"minecraft:total_world_time":967212,"minecraft:tune_noteblock":1,"minecraft:interact_with_stonecutter":20,"minecraft:time_since_rest":0,"minecraft:damage_taken":5393,"minecraft:swim_one_cm":5064,"minecraft:fly_one_cm":274717,"minecraft:open_chest":246,"minecraft:fall_one_cm":53326},"minecraft:killed":{"creeperoverhaul:beach_creeper":1,"minecraft:spider":3,"minecraft:skeleton":6,"minecraft:sheep":1,"minecraft:zombie":10,"wildernature:boar":1,"minecraft:cow":2,"alexsmobs:raccoon":1,"alexsmobs:crow":1},"minecraft:crafted":{"minecraft:lime_stained_glass":112,"minecraft:oak_planks":436,"minecraft:cactus":3,"minecraft:purple_glazed_terracotta":8,"minecraft:birch_slab":572,"minecraft:cooked_mutton":3,"minecraft:green_dye":9,"minecraft:glass":343,"minecraft:bow":1,"minecraft:chest":10,"minecraft:polished_diorite_slab":20,"minecraft:oak_slab":246,"minecraft:wooden_shovel":1,"sophisticatedbackpacks:backpack":2,"minecraft:arrow":4,"minecraft:emerald":12,"biomesoplenty:jacaranda_planks":216,"minecraft:cooked_porkchop":3,"minecraft:wooden_pickaxe":1,"mcwfences:railing_diorite_wall":8,"minecraft:birch_planks":288,"biomesoplenty:jacaranda_slab":408,"minecraft:book":1,"minecraft:string":8,"minecraft:paper":60,"minecraft:charcoal":65,"minecraft:purple_dye":62,"minecraft:shield":1,"minecraft:stick":152,"minecraft:iron_ingot":1,"minecraft:stone_sword":2,"minecraft:black_bed":1,"minecraft:light_gray_dye":1,"minecraft:wooden_sword":1,"minecraft:oak_door":3,"minecraft:stone_shovel":12,"candlelight:rose":12,"minecraft:bone_meal":36,"minecraft:lime_stained_glass_pane":272,"minecraft:pink_dye":4,"minecraft:glass_pane":560,"minecraft:terracotta":8,"minecraft:polished_diorite":56,"minecraft:lime_dye":18,"minecraft:stone_pickaxe":16,"biomesoplenty:jacaranda_door":3,"sophisticatedbackpacks:iron_backpack":1,"minecraft:cooked_beef":4,"minecraft:cooked_cod":3,"minecraft:purple_terracotta":8,"dawnoftimebuilder:paper_lamp":36,"furniture:lamp_brown":2,"connectedglass:borderless_glass_pane":208,"minecraft:stone_axe":8,"minecraft:bread":25,"minecraft:air":0,"minecraft:oak_boat":3,"connectedglass:borderless_glass_lime_pane":272,"minecraft:white_dye":9,"minecraft:wooden_axe":2,"minecraft:oak_stairs":8,"minecraft:white_bed":1,"minecraft:torch":76,"minecraft:purple_concrete_powder":936,"minecraft:clay":16}},"DataVersion":3465}