{"stats":{"minecraft:custom":{"minecraft:open_chest":9,"minecraft:time_since_rest":2280,"minecraft:interact_with_furnace":1,"lootr:looted_stat":10,"minecraft:crouch_one_cm":3770,"minecraft:sprint_one_cm":58726,"minecraft:play_time":77312,"minecraft:damage_taken":486,"minecraft:walk_one_cm":291363,"minecraft:sneak_time":1194,"minecraft:drop":1,"minecraft:jump":169,"minecraft:damage_dealt":216,"minecraft:leave_game":2,"minecraft:walk_on_water_one_cm":3162,"minecraft:time_since_death":77312,"minecraft:sleep_in_bed":1,"minecraft:total_world_time":77312,"minecraft:open_barrel":8,"minecraft:fall_one_cm":1653,"minecraft:fly_one_cm":10478},"minecraft:used":{"minecraft:written_book":1,"immersive_paintings:painting":1,"minecraft:cooked_porkchop":3,"alexsmobs:animal_dictionary":5,"beachparty:seashell":1,"minecraft:barrel":3},"minecraft:picked_up":{"chococraft:loverly_gysahl_green":3,"beachparty:seashell":1,"chococraft:gysahl_green":42,"mca:needle_and_thread":1,"chococraft:gysahl_green_seeds":14,"alexsmobs:animal_dictionary":1,"immersive_paintings:painting":1},"minecraft:mined":{"beachparty:seashell_block":1,"chococraft:gysahl_green":4},"minecraft:dropped":{"alexsmobs:animal_dictionary":1}},"DataVersion":3465}