{"stats":{"minecraft:killed":{"minecraft:sheep":1,"minecraft:cow":1},"minecraft:broken":{"minecraft:wooden_axe":1},"minecraft:crafted":{"minecraft:wooden_sword":1,"minecraft:oak_planks":88,"minecraft:wooden_shovel":1,"minecraft:wooden_pickaxe":1,"minecraft:stick":16,"minecraft:stone_pickaxe":1,"minecraft:wooden_axe":2},"minecraft:custom":{"minecraft:interact_with_furnace":2,"lootr:looted_stat":16,"minecraft:mob_kills":2,"minecraft:interact_with_crafting_table":5,"minecraft:open_barrel":19,"minecraft:leave_game":2,"minecraft:time_since_death":119312,"minecraft:sleep_in_bed":4,"minecraft:climb_one_cm":36,"minecraft:time_since_rest":15747,"minecraft:sprint_one_cm":281365,"minecraft:damage_taken":536,"minecraft:walk_one_cm":443274,"minecraft:drop":1,"minecraft:damage_dealt":406,"minecraft:fly_one_cm":33077,"minecraft:open_chest":9,"minecraft:crouch_one_cm":4247,"minecraft:play_time":119312,"minecraft:sneak_time":1467,"minecraft:jump":309,"minecraft:walk_on_water_one_cm":3285,"minecraft:total_world_time":119312,"minecraft:fall_one_cm":5040},"minecraft:used":{"croptopia:grape":1,"beachparty:coconut":2,"minecraft:oak_planks":39,"minecraft:wooden_pickaxe":5,"minecraft:wooden_shovel":46,"minecraft:dirt":31,"minecraft:oak_log":2,"minecraft:wooden_axe":68,"immersive_paintings:painting":1,"beachparty:seashell":1,"minecraft:barrel":3,"ecologics:coconut_slice":5,"minecraft:wooden_sword":7,"minecraft:written_book":1,"minecraft:cooked_porkchop":6,"alexsmobs:animal_dictionary":5},"minecraft:picked_up":{"minecraft:crafting_table":1,"swem:timothy_seeds":1,"chococraft:loverly_gysahl_green":3,"croptopia:grape_seed":1,"minecraft:leather":2,"doggytalents:rice_grains":2,"beachparty:palm_log":13,"minecraft:oak_log":45,"beachparty:coconut":2,"croptopia:blueberry_seed":1,"minecraft:dirt":38,"beachparty:seashell":1,"chococraft:gysahl_green":42,"beachparty:coconut_open":2,"minecraft:wheat_seeds":1,"minecraft:beef":3,"croptopia:blueberry":1,"minecraft:oak_planks":1,"immersive_paintings:painting":1,"minecraft:stick":8,"ecologics:coconut_slice":8,"perfectplushies:raccoon_plushie":1,"mca:needle_and_thread":1,"chococraft:gysahl_green_seeds":14,"alexsmobs:animal_dictionary":1,"biomesoplenty:flowering_oak_sapling":2,"croptopia:grape":1,"minecraft:emerald":13,"minecraft:oak_sapling":12,"minecraft:mutton":1,"minecraft:coal":1,"minecraft:white_wool":1,"minecraft:cobblestone":4},"minecraft:mined":{"beachparty:palm_leaves":6,"minecraft:crafting_table":1,"minecraft:grass_block":38,"biomesoplenty:flowering_oak_leaves":6,"minecraft:oak_planks":1,"beachparty:seashell_block":1,"chococraft:gysahl_green":4,"minecraft:grass":3,"beachparty:palm_log":13,"biomesoplenty:clover":6,"minecraft:oak_log":47,"minecraft:coal_ore":1,"minecraft:stone":4,"minecraft:oak_leaves":7},"minecraft:dropped":{"alexsmobs:animal_dictionary":1}},"DataVersion":3465}