{"stats":{"minecraft:custom":{"minecraft:open_chest":9,"minecraft:time_since_rest":47312,"minecraft:crouch_one_cm":602,"minecraft:sprint_one_cm":13921,"minecraft:play_time":47312,"minecraft:damage_taken":208,"minecraft:walk_one_cm":96231,"minecraft:sneak_time":270,"minecraft:drop":1,"minecraft:jump":76,"minecraft:damage_dealt":216,"minecraft:leave_game":2,"minecraft:time_since_death":47312,"minecraft:total_world_time":47312,"minecraft:fall_one_cm":633,"minecraft:fly_one_cm":5806},"minecraft:used":{"immersive_paintings:painting":1,"minecraft:cooked_porkchop":1,"alexsmobs:animal_dictionary":5,"beachparty:seashell":1},"minecraft:picked_up":{"beachparty:seashell":1,"mca:needle_and_thread":1,"alexsmobs:animal_dictionary":1,"immersive_paintings:painting":1},"minecraft:mined":{"beachparty:seashell_block":1},"minecraft:dropped":{"alexsmobs:animal_dictionary":1}},"DataVersion":3465}