{"stats":{"minecraft:killed":{"minecraft:spider":1,"minecraft:sheep":1,"minecraft:cow":1},"minecraft:broken":{"minecraft:wooden_axe":2,"minecraft:wooden_pickaxe":1},"minecraft:crafted":{"minecraft:wooden_sword":1,"minecraft:oak_slab":60,"minecraft:oak_planks":336,"minecraft:wooden_shovel":1,"minecraft:wooden_pickaxe":1,"minecraft:stick":16,"minecraft:stone_pickaxe":1,"minecraft:wooden_axe":2},"minecraft:custom":{"minecraft:interact_with_furnace":3,"lootr:looted_stat":16,"minecraft:mob_kills":3,"minecraft:interact_with_crafting_table":7,"minecraft:open_barrel":19,"minecraft:leave_game":2,"minecraft:time_since_death":131312,"minecraft:sleep_in_bed":4,"minecraft:climb_one_cm":176,"minecraft:time_since_rest":27747,"minecraft:sprint_one_cm":301715,"minecraft:damage_taken":646,"minecraft:walk_one_cm":489024,"minecraft:drop":1,"minecraft:damage_dealt":566,"minecraft:fly_one_cm":34954,"minecraft:open_chest":9,"minecraft:crouch_one_cm":4247,"minecraft:play_time":131312,"minecraft:sneak_time":1467,"minecraft:jump":388,"minecraft:walk_on_water_one_cm":3285,"minecraft:total_world_time":131312,"minecraft:fall_one_cm":7117},"minecraft:used":{"croptopia:grape":1,"beachparty:coconut":2,"minecraft:oak_planks":141,"minecraft:wooden_pickaxe":59,"minecraft:wooden_shovel":49,"minecraft:dirt":42,"minecraft:oak_log":2,"minecraft:wooden_axe":120,"immersive_paintings:painting":1,"beachparty:seashell":1,"minecraft:barrel":3,"ecologics:coconut_slice":5,"minecraft:wooden_sword":12,"minecraft:written_book":1,"minecraft:cooked_porkchop":8,"alexsmobs:animal_dictionary":5},"minecraft:picked_up":{"minecraft:crafting_table":1,"swem:timothy_seeds":1,"chococraft:loverly_gysahl_green":3,"croptopia:grape_seed":1,"minecraft:leather":2,"doggytalents:rice_grains":2,"beachparty:palm_log":13,"minecraft:oak_log":88,"beachparty:coconut":2,"croptopia:blueberry_seed":1,"minecraft:dirt":43,"beachparty:seashell":1,"chococraft:gysahl_green":42,"simplehats:lilbow":1,"beachparty:coconut_open":2,"minecraft:wheat_seeds":1,"minecraft:beef":3,"croptopia:blueberry":1,"lightmanscurrency:coin_iron":4,"minecraft:oak_planks":3,"immersive_paintings:painting":1,"minecraft:stick":13,"simplehats:hatbag_common":1,"ecologics:coconut_slice":8,"perfectplushies:raccoon_plushie":1,"mca:needle_and_thread":1,"chococraft:gysahl_green_seeds":14,"lightmanscurrency:coin_copper":5,"alexsmobs:animal_dictionary":1,"biomesoplenty:flowering_oak_sapling":6,"croptopia:grape":1,"minecraft:emerald":13,"minecraft:oak_sapling":16,"minecraft:mutton":1,"minecraft:coal":1,"minecraft:white_wool":1,"minecraft:cobblestone":57},"minecraft:mined":{"beachparty:palm_leaves":6,"minecraft:crafting_table":1,"minecraft:grass_block":38,"biomesoplenty:flowering_oak_leaves":13,"minecraft:oak_planks":3,"beachparty:seashell_block":1,"chococraft:gysahl_green":4,"minecraft:grass":4,"beachparty:palm_log":13,"biomesoplenty:clover":6,"minecraft:oak_log":88,"minecraft:coal_ore":1,"minecraft:dirt":5,"minecraft:stone":58,"minecraft:oak_leaves":18},"minecraft:dropped":{"alexsmobs:animal_dictionary":1}},"DataVersion":3465}