{"stats":{"minecraft:custom":{"minecraft:open_chest":9,"minecraft:time_since_rest":59312,"minecraft:crouch_one_cm":3079,"minecraft:sprint_one_cm":15420,"minecraft:play_time":59312,"minecraft:damage_taken":228,"minecraft:walk_one_cm":172234,"minecraft:sneak_time":912,"minecraft:drop":1,"minecraft:jump":87,"minecraft:damage_dealt":216,"minecraft:leave_game":2,"minecraft:walk_on_water_one_cm":81,"minecraft:time_since_death":59312,"minecraft:total_world_time":59312,"minecraft:fall_one_cm":968,"minecraft:fly_one_cm":5806},"minecraft:used":{"minecraft:written_book":1,"immersive_paintings:painting":1,"minecraft:cooked_porkchop":1,"alexsmobs:animal_dictionary":5,"beachparty:seashell":1},"minecraft:picked_up":{"beachparty:seashell":1,"mca:needle_and_thread":1,"alexsmobs:animal_dictionary":1,"immersive_paintings:painting":1},"minecraft:mined":{"beachparty:seashell_block":1},"minecraft:dropped":{"alexsmobs:animal_dictionary":1}},"DataVersion":3465}