{"stats":{"minecraft:dropped":{"knightlib:small_essence":2,"chococraft:loverly_gysahl_green":1,"croptopia:elderberry_seed":2,"vinery:white_grape_seeds":2,"chococraft:gysahl_green_seeds":22,"a_man_with_plushies:red_pikmin_plush":1,"minecraft:dirt":1,"minecraft:diorite":1,"croptopia:grape_seed":10,"minecraft:sponge":1,"tombstone:grave_key":1,"minecraft:wooden_axe":1,"alexsmobs:flying_fish":1,"croptopia:cauliflower_seed":3,"mysticalagriculture:prosperity_shard":1,"minecraft:sand":7,"minecraft:bucket":1,"croptopia:cantaloupe_seed":1,"swem:oat_seeds":1,"minecraft:gravel":4,"minecraft:stone_axe":1,"minecraft:stone_sword":1,"minecraft:cobbled_deepslate":1,"minecraft:raw_copper":4,"beachparty:seashell":5,"biomesoplenty:yellow_autumn_sapling":5,"minecraft:tuff":2,"minecraft:rotten_flesh":4,"occultism:raw_silver":41,"minecraft:oak_sign":3,"swem:cantazarite":6,"minecraft:stone":1,"aether:iron_gloves":2,"hamsters:hamster":1,"minecraft:spruce_planks":1,"minecraft:andesite":2,"doggytalents:rice_grains":6,"minecraft:stone_bricks":1,"minecraft:written_book":1,"chococraft:gysahl_green":5},"minecraft:used":{"minecraft:stone_sword":14,"minecraft:oak_sign":2,"minecraft:spruce_planks":2411,"minecraft:stone":619,"vinery:white_grape":4,"minecraft:mossy_stone_brick_slab":21,"minecraft:rotten_flesh":4,"minecraft:iron_chestplate":1,"minecraft:torch":120,"minecraft:dirt":250,"croptopia:elderberry":2,"minecraft:granite":4,"biomesoplenty:maple_sapling":2,"minecraft:stone_brick_slab":39,"minecraft:wooden_axe":2,"minecraft:red_wool":161,"minecraft:iron_helmet":1,"minecraft:iron_boots":1,"minecraft:stone_brick_stairs":32,"minecraft:stone_bricks":647,"minecraft:written_book":7,"minecraft:furnace":4,"tombstone:gift":2,"hamsters:hamster":1,"minecraft:mossy_stone_brick_wall":23,"minecraft:iron_leggings":1,"croptopia:grape":1,"minecraft:water_bucket":9,"minecraft:mossy_stone_bricks":138,"minecraft:stone_pickaxe":309,"minecraft:mossy_stone_brick_stairs":33,"minecraft:wooden_pickaxe":7,"minecraft:cracked_stone_bricks":115,"minecraft:sand":149,"minecraft:crafting_table":6,"onlyhammersandexcavators:stone_excavator":27,"minecraft:sponge":8,"minecraft:stone_brick_wall":48,"minecraft:apple":1,"chococraft:gysahl_green_seeds":1,"minecraft:iron_pickaxe":158,"minecraft:spruce_sapling":1,"minecraft:gravel":2,"minecraft:stone_axe":2,"croptopia:cauliflower":1,"minecraft:cobblestone":12,"minecraft:bucket":10,"chococraft:gysahl_green":23},"minecraft:mined":{"minecraft:tuff":1,"minecraft:granite":6,"swem:cantazarite_ore":1,"minecraft:grass_block":4,"occultism:silver_ore_deepslate":40,"minecraft:spruce_leaves":38,"minecraft:oak_wall_sign":2,"mysticalagriculture:inferium_ore":34,"minecraft:furnace":3,"minecraft:iron_ore":63,"minecraft:andesite":2,"minecraft:deepslate_iron_ore":25,"minecraft:stone":162,"minecraft:crafting_table":2,"minecraft:copper_ore":18,"minecraft:cobblestone":3,"minecraft:deepslate_gold_ore":12,"minecraft:sugar_cane":8,"minecraft:diorite":1,"minecraft:spruce_log":6,"biomesoplenty:maple_leaves":35,"biomesoplenty:clover":2,"minecraft:oak_log":8,"minecraft:coal_ore":11,"minecraft:gravel":6,"minecraft:sand":26,"minecraft:dirt":3,"mysticalagriculture:deepslate_prosperity_ore":29,"mysticalagriculture:deepslate_inferium_ore":17,"minecraft:deepslate":42},"minecraft:crafted":{"minecraft:oak_planks":32,"minecraft:oak_sign":3,"minecraft:furnace":2,"aether:golden_gloves":1,"minecraft:iron_boots":1,"minecraft:iron_axe":1,"minecraft:stone_pickaxe":2,"minecraft:crafting_table":4,"minecraft:spruce_planks":24,"minecraft:wooden_pickaxe":1,"minecraft:iron_helmet":1,"minecraft:iron_sword":1,"minecraft:bucket":2,"minecraft:air":0,"aether:iron_gloves":2,"minecraft:iron_chestplate":1,"minecraft:shield":1,"minecraft:stick":28,"minecraft:iron_ingot":49,"minecraft:iron_pickaxe":1,"minecraft:gold_ingot":4,"minecraft:wooden_axe":1,"minecraft:iron_leggings":1,"minecraft:stone_sword":1},"minecraft:broken":{"minecraft:stone_pickaxe":2},"minecraft:custom":{"minecraft:mob_kills":4,"minecraft:interact_with_crafting_table":30,"minecraft:leave_game":2,"minecraft:time_since_death":38208,"minecraft:sprint_one_cm":141420,"minecraft:walk_one_cm":495479,"minecraft:drop":66,"minecraft:play_time":241231,"minecraft:deaths":2,"minecraft:sneak_time":18175,"minecraft:walk_under_water_one_cm":12663,"minecraft:jump":1603,"minecraft:walk_on_water_one_cm":23388,"minecraft:total_world_time":241231,"minecraft:interact_with_furnace":55,"minecraft:time_since_rest":35809,"minecraft:damage_taken":766,"minecraft:damage_dealt":663,"minecraft:swim_one_cm":29934,"minecraft:fly_one_cm":1227543,"minecraft:open_chest":10,"minecraft:crouch_one_cm":91988,"tombstone:undead_killed":4,"minecraft:fall_one_cm":23501},"minecraft:killed":{"minecraft:skeleton":1,"minecraft:zombie":3},"minecraft:picked_up":{"chococraft:loverly_gysahl_green":5,"minecraft:crafting_table":2,"minecraft:azure_bluet":37,"croptopia:grape_seed":10,"ecologics:seashell":3,"aether:iron_gloves":1,"occultism:raw_silver":41,"beachparty:coconut":2,"minecraft:raw_copper":68,"biomesoplenty:yellow_autumn_sapling":5,"beachparty:seashell":14,"minecraft:oak_sign":2,"onlyhammersandexcavators:stone_excavator":1,"mysticalagriculture:inferium_essence":173,"minecraft:cobbled_deepslate":57,"minecraft:spruce_planks":1,"minecraft:written_book":1,"minecraft:sugar_cane":22,"knightlib:small_essence":4,"minecraft:furnace":3,"minecraft:stick":4,"minecraft:raw_iron":152,"minecraft:torch":29,"mysticalagriculture:prosperity_shard":77,"tombstone:grave_dust":1,"minecraft:diorite":1,"croptopia:grape":1,"croptopia:cantaloupe_seed":1,"minecraft:rotten_flesh":12,"swem:alfalfa_seeds":28,"croptopia:elderberry":2,"alexsmobs:flying_fish":4,"minecraft:cobblestone":172,"croptopia:cauliflower":1,"occultism:datura_seeds":4,"swem:timothy_seeds":32,"minecraft:andesite":2,"doggytalents:rice_grains":25,"minecraft:tuff":3,"minecraft:oak_log":8,"minecraft:dirt":7,"chococraft:gysahl_green":100,"minecraft:apple":1,"minecraft:wheat_seeds":30,"minecraft:raw_gold":12,"minecraft:stone_pickaxe":1,"hamsters:hamster":1,"croptopia:elderberry_seed":2,"swem:oat_seeds":27,"lightmanscurrency:coin_iron":4,"additional_lights:fire_for_fire_pit_s":1,"croptopia:cauliflower_seed":3,"swem:cantazarite":12,"minecraft:gravel":6,"minecraft:sand":26,"vinery:white_grape":4,"minecraft:spruce_sapling":1,"chococraft:gysahl_green_seeds":64,"minecraft:spruce_log":6,"a_man_with_plushies:red_pikmin_plush":1,"lightmanscurrency:coin_copper":14,"biomesoplenty:maple_sapling":2,"minecraft:stone_axe":1,"minecraft:granite":6,"onlyhammersandexcavators:stone_hammer":1,"minecraft:coal":23}},"DataVersion":3465}