{"stats":{"minecraft:picked_up":{"additional_lights:fire_for_fire_pit_s":1,"occultism:datura_seeds":4,"swem:timothy_seeds":32,"chococraft:loverly_gysahl_green":3,"minecraft:azure_bluet":37,"minecraft:torch":26,"ecologics:seashell":3,"doggytalents:rice_grains":25,"chococraft:gysahl_green_seeds":19,"beachparty:coconut":2,"a_man_with_plushies:red_pikmin_plush":1,"beachparty:seashell":9,"chococraft:gysahl_green":45,"minecraft:wheat_seeds":30,"mysticalagriculture:inferium_essence":1,"minecraft:spruce_planks":1,"swem:alfalfa_seeds":28,"swem:oat_seeds":26,"alexsmobs:flying_fish":4},"minecraft:custom":{"minecraft:time_since_rest":155622,"minecraft:sprint_one_cm":47580,"minecraft:walk_one_cm":267824,"minecraft:drop":15,"minecraft:fly_one_cm":1009438,"minecraft:crouch_one_cm":88253,"minecraft:play_time":155622,"minecraft:walk_under_water_one_cm":2838,"minecraft:sneak_time":16570,"minecraft:jump":361,"minecraft:leave_game":1,"minecraft:walk_on_water_one_cm":2885,"minecraft:time_since_death":155622,"minecraft:total_world_time":155622},"minecraft:used":{"minecraft:stone_brick_slab":39,"minecraft:mossy_stone_bricks":138,"minecraft:red_wool":161,"minecraft:spruce_planks":2411,"minecraft:mossy_stone_brick_stairs":33,"minecraft:stone":619,"minecraft:mossy_stone_brick_slab":21,"minecraft:stone_brick_stairs":32,"minecraft:stone_bricks":647,"minecraft:cracked_stone_bricks":115,"minecraft:torch":117,"minecraft:dirt":249,"minecraft:sand":128,"minecraft:sponge":8,"minecraft:stone_brick_wall":48,"minecraft:mossy_stone_brick_wall":23},"minecraft:dropped":{"minecraft:dirt":1,"minecraft:stone":1,"minecraft:sponge":1,"minecraft:spruce_planks":1,"alexsmobs:flying_fish":1,"minecraft:stone_bricks":1,"doggytalents:rice_grains":6,"minecraft:sand":2,"a_man_with_plushies:red_pikmin_plush":1}},"DataVersion":3465}